epoch,train_loss,val_loss,train_rmse,val_rmse,best_val_rmse_so_far,best_epoch_so_far
1,10.726718025749452,45.072980629348464,3.27516686990899,6.713641383731221,6.713641383731221,1
2,1.9645395749595218,23.35924173654959,1.4016203390931232,4.833139945889172,4.833139945889172,2
3,1.1044529298367252,10.986747188901129,1.0509295551257112,3.314626251766725,3.314626251766725,3
4,0.8464978574711634,6.943660815590232,0.9200531818711152,2.6350826961577947,2.6350826961577947,4
5,0.7344437228469805,5.367462306471577,0.8569969211420659,2.3167784327534595,2.3167784327534595,5
6,0.6599750639316747,4.596250236727586,0.812388493229486,2.143886712661746,2.143886712661746,6
7,0.6330423861827912,4.069922560436317,0.7956396082289966,2.017404907408604,2.017404907408604,7
8,0.5955143372094984,3.891395182832246,0.771695754303144,1.9726619535116112,1.9726619535116112,8
9,0.5817776244759224,3.707252443347626,0.7627434853710141,1.92542266615609,1.92542266615609,9
10,0.5993284466958209,3.8544871581552407,0.7741630620843524,1.963284787837781,1.92542266615609,9
11,0.5885613646890075,3.940017977514148,0.7671775314026132,1.9849478525931477,1.92542266615609,9
12,0.5864082108306691,3.8309231990003436,0.765772949920973,1.9572744311926071,1.92542266615609,9
13,0.5709904579036901,3.6065753648584975,0.7556391055945226,1.8990985663884057,1.8990985663884057,13
14,0.5578917402655065,3.8350372309562606,0.7469215087715084,1.9583251085956745,1.8990985663884057,13
15,0.5709930125348106,3.5998340713962715,0.7556407959704204,1.8973228695707727,1.8973228695707727,15
16,0.60931512128406,3.4302162210481666,0.7805863957846434,1.8520842910213797,1.8520842910213797,16
17,0.6134223583633261,3.314197814579175,0.7832128435893567,1.8204938381052473,1.8204938381052473,17
18,0.5924402998035867,3.3077381803681383,0.7697014354953398,1.8187188293873626,1.8187188293873626,18
19,0.6129081003615027,3.038914921730702,0.7828844744670204,1.74324838211045,1.74324838211045,19
20,0.6487847697856214,2.7616074952293905,0.8054717684597154,1.661808501371139,1.661808501371139,20
21,0.6727262882585942,2.8173908584680456,0.8201989321247585,1.6785085220123386,1.661808501371139,20
22,0.6634831795675369,2.6237893679555233,0.8145447683016181,1.6198115223554632,1.6198115223554632,22
23,0.6934771066787205,2.620059293760667,0.8327527284126547,1.6186597214240759,1.6186597214240759,23
24,0.6914992976901309,2.413877730367213,0.8315643677371769,1.553665900497019,1.553665900497019,24
25,0.6835642614815722,2.259379657745219,0.8267794515356391,1.5031233009122102,1.5031233009122102,25
26,0.7078041069057256,2.325851894783049,0.8413109454332124,1.525074389917767,1.5031233009122102,25
27,0.6663239479928867,2.2156619615662763,0.8162866824791929,1.4885099803381487,1.4885099803381487,27
28,0.7342573379993762,2.008744905622521,0.856888171233199,1.4173019810973668,1.4173019810973668,28
29,0.7935748402215026,1.9777649907014545,0.8908281765983285,1.4063303277329458,1.4063303277329458,29
30,0.8664554579763918,1.9126187058732822,0.9308358920757148,1.3829745861270488,1.3829745861270488,30
31,0.849518177278641,1.9322845449719797,0.92169310362975,1.3900663814983727,1.3829745861270488,30
32,0.9455391274717457,1.8655217656952674,0.9723883624723949,1.3658410470092293,1.3658410470092293,32
33,0.9794006856942857,1.9281995535016332,0.989646747932961,1.3885962528761315,1.3658410470092293,32
34,0.9717668898683726,2.0378823657287057,0.9857823744967104,1.4275441729518235,1.3658410470092293,32
35,1.04429705930601,1.9492312390939097,1.0219085376421952,1.396148716682399,1.3658410470092293,32
36,1.0663618157429735,1.94353255175082,1.0326479631234322,1.3941063631412132,1.3658410470092293,32
37,1.1439128220836332,2.01298126260411,1.0695386024279971,1.4187957085514848,1.3658410470092293,32
38,1.1762553100955249,1.9633641348529889,1.084553046234035,1.4012009616229175,1.3658410470092293,32
39,1.095447481370978,1.8721099154282905,1.0466362698526064,1.3682506771159628,1.3658410470092293,32
40,1.204972031181853,2.1294400066745047,1.097712180483506,1.4592600887691354,1.3658410470092293,32
41,1.2499351739203872,1.9575537749022913,1.1180049972698634,1.3991260754136101,1.3658410470092293,32
42,1.252810297273227,2.0608909201823424,1.1192900862927477,1.4355803426427733,1.3658410470092293,32
43,1.1506523257111458,2.1558022320254873,1.0726846347884107,1.4682650414776914,1.3658410470092293,32
44,1.286212741407451,2.0377437615189944,1.134113196029149,1.4274956257442593,1.3658410470092293,32
45,1.288290444543953,2.157374927257202,1.1350288298294247,1.4688005062830016,1.3658410470092293,32
46,1.3952370204285125,2.1243721436073186,1.1812015155884759,1.457522604835794,1.3658410470092293,32
47,1.3200940950471252,2.1188834419732054,1.148953478190969,1.4556384997564489,1.3658410470092293,32
48,1.4268618760079466,2.0821458672793067,1.194513238104939,1.4429642640340428,1.3658410470092293,32
49,1.4167197057878846,2.07826603696027,1.1902603521028015,1.4416192413256248,1.3658410470092293,32
50,1.3811319133096565,2.1246487738351214,1.1752156879950406,1.4576174991523398,1.3658410470092293,32
51,1.3202432447668222,1.9379921639659414,1.1490183831283214,1.3921178699973438,1.3658410470092293,32
52,1.427015700298837,1.929667126456455,1.1945776242249129,1.3891245899689686,1.3658410470092293,32
53,1.4886867998107116,1.919345958635718,1.2201175352443352,1.3854046191043676,1.3658410470092293,32
54,1.4720245994316896,1.915348724393779,1.2132702087464646,1.3839612438192692,1.3658410470092293,32
55,1.4945195946342609,1.827141411303215,1.2225054579159396,1.3517179481323813,1.3517179481323813,55
56,1.516769854807594,1.8499910010927498,1.2315721070272718,1.3601437428054248,1.3517179481323813,55
57,1.3720043359223466,1.7689984856118057,1.1713258880099708,1.3300370241507586,1.3300370241507586,57
58,1.4785802732709468,1.8067140795151713,1.2159688619660236,1.3441406472222954,1.3300370241507586,57
59,1.569280042558025,1.931926294999749,1.2527090813744526,1.3899375147824988,1.3300370241507586,57
60,1.4623395401690078,1.839863059250996,1.209272318449822,1.356415518656063,1.3300370241507586,57
61,1.3787617174915803,1.7675616503384806,1.1742068461270272,1.3294967658247538,1.3294967658247538,61
62,1.384509588887274,1.7815213503112108,1.1766518554301753,1.3347364347732518,1.3294967658247538,61
63,1.4617303914440611,1.8010704605944305,1.2090204263965358,1.3420396643148929,1.3294967658247538,61
64,1.4290326443680832,1.8653263064813346,1.1954215341744865,1.3657694924405561,1.3294967658247538,61
65,1.549355057682476,1.8631106798354196,1.2447309177820225,1.3649581238394897,1.3294967658247538,61
66,1.5081650376107416,1.9154550100655212,1.2280737101700132,1.3839996423646652,1.3294967658247538,61
67,1.4952345953500343,1.858662532197127,1.2227978554732726,1.3633277420331207,1.3294967658247538,61
68,1.3815515006363794,1.8888592939765387,1.1753941894685287,1.374357775099533,1.3294967658247538,61
69,1.4945996044510823,1.917612845221368,1.2225381811833453,1.3847789878610117,1.3294967658247538,61
70,1.4455634265298416,1.7676337693837116,1.2023158597181698,1.3295238882335705,1.3294967658247538,61
71,1.502858819981281,1.8001527530008472,1.2259114241988616,1.3416977129744416,1.3294967658247538,61
72,1.5056203515624362,1.774817969449406,1.2270372250108943,1.3322229428475574,1.3294967658247538,61
73,1.4593052339521166,1.7047115467568466,1.2080170669125982,1.3056460265925243,1.3056460265925243,73
74,1.4658503852471034,1.6574037704490567,1.21072308363519,1.2874019459551305,1.2874019459551305,74
75,1.5142590973672794,1.7656071177828063,1.2305523545819899,1.3287614977048388,1.2874019459551305,74
76,1.5358878869125752,1.7814369049898238,1.2393094395317803,1.3347048006918323,1.2874019459551305,74
77,1.4220580161632035,1.714015015966002,1.1925007405294152,1.309203962706347,1.2874019459551305,74
78,1.4649955482449692,1.7240496697112584,1.2103700046865706,1.3130307192565063,1.2874019459551305,74
79,1.4807250250646027,1.7022180120426555,1.21685045304039,1.304690772575117,1.2874019459551305,74
80,1.4233290053559755,1.6666453904952596,1.193033530692233,1.2909862084837542,1.2874019459551305,74
81,1.4940574787090963,1.68516810052457,1.222316439678816,1.29814024686263,1.2874019459551305,74
82,1.5266882623694413,1.7282373972413267,1.2355922718961305,1.3146244320114118,1.2874019459551305,74
83,1.3494513328843842,1.6993941584730186,1.1616588711340279,1.3036081307175935,1.2874019459551305,74
84,1.4054108272985386,1.632666523225952,1.1855002434831208,1.277758397830338,1.277758397830338,84
85,1.330250974364822,1.618613416739664,1.1533650655212435,1.2722473881834713,1.2722473881834713,85
86,1.3668233159585583,1.7208079544272024,1.1691121913480154,1.3117956984329542,1.2722473881834713,85
87,1.451031644765518,1.7913720526117147,1.2045877488857,1.338421477940232,1.2722473881834713,85
88,1.3614461377699483,1.6413461701921037,1.1668102406860972,1.281150330832453,1.2722473881834713,85
89,1.380487094870621,1.6825473597377476,1.1749413155007449,1.2971304328161248,1.2722473881834713,85
90,1.3281879181407898,1.6714168622065675,1.1524703545604935,1.2928328825515567,1.2722473881834713,85
91,1.2811674347829414,1.6412877770418934,1.1318866704679145,1.281127541286149,1.2722473881834713,85
92,1.3354941677150045,1.7020629014046695,1.1556358283278536,1.3046313277722061,1.2722473881834713,85
93,1.3265087604637096,1.7358707218552656,1.1517416205311457,1.317524467270064,1.2722473881834713,85
94,1.3173960175499952,1.6478677773864965,1.1477787319644825,1.2836930230341272,1.2722473881834713,85
95,1.3796986931329493,1.6727639989579246,1.1746057607269553,1.2933537795042487,1.2722473881834713,85
96,1.3676099902561476,1.6685509540686365,1.1694485838446032,1.2917240239573764,1.2722473881834713,85
97,1.3413715425124426,1.6592901974730037,1.1581759549016906,1.2881343864182042,1.2722473881834713,85
98,1.3617316519864877,1.6507653555982884,1.166932582451312,1.2848211375900882,1.2722473881834713,85
99,1.4294769634415743,1.6905289303841207,1.1956073617377798,1.3002034188480358,1.2722473881834713,85
100,1.3782937462612654,1.6852769827504677,1.1740075580085783,1.2981821839597352,1.2722473881834713,85
101,1.299454007334333,1.581129152080664,1.1399359663307116,1.2574295813605882,1.2574295813605882,101
102,1.2223667170878683,1.5827988858064816,1.1056069451156085,1.2580933533750513,1.2574295813605882,101
103,1.2153814392885356,1.6642226543967413,1.1024433950496213,1.2900475395878794,1.2574295813605882,101
104,1.3374784766667804,1.676381306164696,1.156494045236196,1.294751445708672,1.2574295813605882,101
105,1.2479526039939712,1.6617174086032787,1.1171179901845514,1.2890761841734872,1.2574295813605882,101
106,1.259376438545072,1.6486052030132177,1.1222194253108757,1.283980219089538,1.2574295813605882,101
107,1.2677901645229315,1.59991389893947,1.1259618841341528,1.2648770291769353,1.2574295813605882,101
108,1.365387518070727,1.6283770805896547,1.1684979752103668,1.2760787909018998,1.2574295813605882,101
109,1.2547635244815416,1.5887739743618297,1.120162275958953,1.2604657767515268,1.2574295813605882,101
110,1.2411181415836425,1.586844546229916,1.1140548198287383,1.2597001810867203,1.2574295813605882,101
111,1.3244631858516556,1.5870685705697416,1.1508532425342752,1.259789097654739,1.2574295813605882,101
112,1.2970810457015312,1.6307452863071208,1.1388946596158624,1.277006376768386,1.2574295813605882,101
113,1.2603577700005988,1.5758299235468456,1.1226565681456635,1.2553206457104278,1.2553206457104278,113
114,1.2423735108757712,1.5405315646900721,1.1146181009098008,1.2411815196376685,1.2411815196376685,114
115,1.2909246522784328,1.5424659553611098,1.1361886517116921,1.241960528906257,1.2411815196376685,114
116,1.179651050526733,1.5060457514209775,1.0861174202298447,1.2272105570850413,1.2272105570850413,116
117,1.2471572121786747,1.6067521198242862,1.1167619317377695,1.267577263847962,1.2272105570850413,116
118,1.150084427907619,1.4384243464976065,1.0724198934687939,1.1993432980167131,1.1993432980167131,118
119,1.1421228155946066,1.4950376182969203,1.0687014623338955,1.2227173092325634,1.1993432980167131,118
120,1.1385965777828977,1.5738086295498535,1.067050410141385,1.2545152966583761,1.1993432980167131,118
121,1.0675004340947856,1.5050349952178292,1.0331991260617603,1.2267986775416042,1.1993432980167131,118
122,1.0486157799187894,1.5826865313904819,1.0240194236042544,1.2580486999279805,1.1993432980167131,118
123,1.2786914388618835,1.5752682454473323,1.130792394235955,1.2550969067953806,1.1993432980167131,118
124,1.3128356306072622,1.5733984793611635,1.1457903955816973,1.2543518164219971,1.1993432980167131,118
125,1.2610805304492265,1.5697808893340353,1.1229784194049441,1.252908970888961,1.1993432980167131,118
126,1.2235336206906142,1.5154307260685027,1.106134540049543,1.2310283205793857,1.1993432980167131,118
127,1.1147834995081198,1.5447095403326117,1.0558330831661413,1.2428634439602009,1.1993432980167131,118
128,1.051486805089482,1.4662467408415314,1.0254203065521386,1.2108867580585443,1.1993432980167131,118
129,1.1015340785131889,1.4881930830735632,1.0495399365975497,1.2199151950334757,1.1993432980167131,118
130,1.1492976641250632,1.4616344746305259,1.0720530136728608,1.2089807585857295,1.1993432980167131,118
131,0.9727449320072336,1.4819086166393434,0.9862783238048141,1.2173366899257343,1.1993432980167131,118
132,1.1195230887861212,1.498062222817275,1.0580751810651836,1.2239535215102226,1.1993432980167131,118
133,1.085852900567381,1.419996543039865,1.0420426577484152,1.191636078272165,1.191636078272165,133
134,1.140316618305726,1.454769393850795,1.0678560850160128,1.2061382150693987,1.191636078272165,133
135,1.051438748264027,1.3730438674353342,1.0253968735392298,1.1717695453609187,1.1717695453609187,135
136,1.073847155923076,1.4223132938838114,1.0362659677530068,1.1926077703435491,1.1717695453609187,135
137,1.0906519148455427,1.3977757388954386,1.0443428148101286,1.1822756611279108,1.1717695453609187,135
138,1.0481155482849434,1.368151664116143,1.0237751453737014,1.1696801546218278,1.1696801546218278,138
139,0.9193915119255455,1.3396800379864793,0.9588490558610075,1.157445479487686,1.157445479487686,139
140,1.0665902151887925,1.3449647450022588,1.0327585464128546,1.1597261508659098,1.157445479487686,139
141,1.0303300247951608,1.3556237443358796,1.0150517350338162,1.1643125629898012,1.157445479487686,139
142,1.0415397713869314,1.3868971521565494,1.020558558529069,1.1776659764791328,1.157445479487686,139
143,1.0719917169190454,1.397452262213339,1.035370328394167,1.1821388506488308,1.157445479487686,139
144,1.006804510327443,1.3916344922507495,1.0033964871014065,1.179675587715008,1.157445479487686,139
145,0.9634848091289384,1.3257405427130047,0.981572620405102,1.151408069588278,1.151408069588278,145
146,0.975634908491081,1.4174942575158416,0.9877423289963233,1.190585678359958,1.151408069588278,145
147,1.0094606079607986,1.3459177019097328,1.004719168703772,1.1601369323962292,1.151408069588278,145
148,1.0183959659346615,1.3171501174634594,1.009156066193263,1.1476716069779975,1.1476716069779975,148
149,1.0197415280525042,1.3374421625416577,1.0098225230467501,1.156478345037925,1.1476716069779975,148
150,0.9895802316810132,1.2461270968206528,0.9947764732245195,1.1163006301264247,1.1163006301264247,150
151,0.9935294280801935,1.232587635404562,0.9967594635016983,1.110219633858347,1.110219633858347,151
152,0.9678621882176438,1.2527988687173683,0.9837998720357936,1.1192849810112562,1.110219633858347,151
153,0.9708931747858,1.2490271126993477,0.9853391166424887,1.1175988156307914,1.110219633858347,151
154,0.9370280741233606,1.2673206904486067,0.9680021044002749,1.1257533879356556,1.110219633858347,151
155,0.8541319875871829,1.2446140890045445,0.9241926138999288,1.115622735966126,1.110219633858347,151
156,0.9109625468585251,1.2349510570950097,0.954443579714655,1.111283517872469,1.110219633858347,151
157,0.8917916614615088,1.247671756775378,0.9443472144616665,1.1169922814305289,1.110219633858347,151
158,0.9035966154305968,1.1856109644553448,0.9505769907959043,1.0888576419603,1.0888576419603,158
159,0.9062470110185841,1.2311230049119872,0.9519700683417437,1.1095598248458654,1.0888576419603,158
160,0.9158578537124713,1.1904687550988282,0.9570046257529121,1.0910860438566834,1.0888576419603,158
161,0.8985314083226967,1.1899509310380565,0.9479089662634786,1.0908487205098865,1.0888576419603,158
162,0.8846743725032441,1.1797882473435792,0.9405713011267376,1.0861805776865923,1.0861805776865923,162
163,0.8933827281761402,1.1563623226748354,0.9451892552161922,1.0753428860948657,1.0753428860948657,163
164,0.8411001868123599,1.11196238624318,0.9171151437046277,1.0544962713273007,1.0544962713273007,164
165,0.8725122710064022,1.1206083406088658,0.9340836531095071,1.0585878993304552,1.0544962713273007,164
166,0.8649226648849939,1.1265728629829652,0.9300121853422104,1.0614013675245408,1.0544962713273007,164
167,0.783970199054285,1.154007680046371,0.885420916318496,1.0742474947824505,1.0544962713273007,164
168,0.8021040263070549,1.061297443447924,0.8956026051252056,1.0301929156463483,1.0301929156463483,168
169,0.884053359922895,1.1121433379503527,0.9402411179707549,1.054582067906691,1.0301929156463483,168
170,0.7679330554380872,1.1380052932887201,0.8763178963356204,1.0667733092314975,1.0301929156463483,168
171,0.8200989773455871,1.2383389728358878,0.9055931632612887,1.1128067994202262,1.0301929156463483,168
172,0.8084594840120266,1.1011665248629232,0.8991437504715398,1.0493648197185397,1.0301929156463483,168
173,0.7785117378280296,1.067387083159669,0.8823331218015278,1.0331442702544833,1.0301929156463483,168
174,0.8615888856863995,1.0979150201270313,0.9282181239807804,1.047814401565006,1.0301929156463483,168
175,0.791967528442277,1.063787223172086,0.889925574664689,1.0314006123578199,1.0301929156463483,168
176,0.7701777123010608,1.0910719433503167,0.8775976938786136,1.0445438924958188,1.0301929156463483,168
177,0.7969492327575862,1.0978663171227203,0.8927201312604003,1.0477911610252877,1.0301929156463483,168
178,0.8175589766117529,1.118540550395558,0.9041896795538826,1.0576107745269798,1.0301929156463483,168
179,0.7280368232049855,1.031720271537452,0.8532507387661528,1.015736319886934,1.015736319886934,179
180,0.8508240143160843,1.0746651965752252,0.9224012219831912,1.0366605985447819,1.015736319886934,179
181,0.7251420262095628,1.0273317427266615,0.8515527148741661,1.0135737480453317,1.0135737480453317,181
182,0.7180962409777565,1.0764676727935132,0.8474055941388141,1.0375296009239994,1.0135737480453317,181
183,0.7246531280858147,1.0330883264240813,0.8512656037253089,1.0164095269250881,1.0135737480453317,181
184,0.6960680198682273,1.0644652720456094,0.8343069098768314,1.0317292629588488,1.0135737480453317,181
185,0.7305136481492475,1.0189867406743154,0.8547009115177352,1.0094487310776687,1.0094487310776687,185
186,0.7842104882580886,1.051254418740309,0.8855565979981678,1.025306987560462,1.0094487310776687,185
187,0.770324916673806,1.0158516451700608,0.8776815576698681,1.0078946597586778,1.0078946597586778,187
188,0.6722266269202815,0.9696838116832411,0.8198942778921448,0.984725246798944,0.984725246798944,188
189,0.739116932333137,0.9959165174343018,0.859719100830694,0.9979561700968143,0.984725246798944,188
190,0.6482167804057953,0.9551217303002546,0.8051191094526295,0.9773032949398331,0.9773032949398331,190
191,0.7468421741157575,0.9718772547911126,0.8642003090231787,0.9858383512478669,0.9773032949398331,190
192,0.6816794536403262,0.9762737258903093,0.8256388154879385,0.988065648573165,0.9773032949398331,190
193,0.6919701863350386,1.0147840855881547,0.8318474537648346,1.007364921757828,0.9773032949398331,190
194,0.6755876557483713,1.0321645267495736,0.821941394351429,1.015954982639277,0.9773032949398331,190
195,0.6810037546359461,1.0423956095973816,0.8252295163383009,1.0209777713532169,0.9773032949398331,190
196,0.6637378977947268,0.9231161992288105,0.8147011094841634,0.9607893625705951,0.9607893625705951,196
197,0.6950699503930166,0.9787710847496158,0.8337085524288548,0.9893286030180346,0.9607893625705951,196
198,0.6177695033301756,1.0384285411592968,0.7859831444313393,1.0190331403635982,0.9607893625705951,196
199,0.6005615738598759,0.9987820644028353,0.7749590788292475,0.9993908466675264,0.9607893625705951,196
200,0.6932590582929146,1.0035981634638005,0.8326217978727884,1.0017974662893696,0.9607893625705951,196
201,0.667878326478581,0.9409080631065958,0.8172382311655403,0.9700041562316091,0.9607893625705951,196
202,0.7121519373441793,0.945959423926177,0.8438909510974621,0.9726044539925658,0.9607893625705951,196
203,0.7315763693517907,0.974653988844911,0.8553223774412726,0.9872456577999779,0.9607893625705951,196
204,0.71285639250526,0.9706140725694976,0.844308233114696,0.9851974789703319,0.9607893625705951,196
205,0.6878242881104054,0.9545688353490469,0.8293517276224879,0.9770203863528371,0.9607893625705951,196
206,0.6520194513171154,0.9616689261284669,0.8074772141163584,0.9806471975835483,0.9607893625705951,196
207,0.5971019888492237,0.9585350399641788,0.7727237467874426,0.9790480274042631,0.9607893625705951,196
208,0.6036954506258755,0.9400597608955654,0.7769784106562263,0.9695667903221342,0.9607893625705951,196
209,0.6747282338732093,0.958221790079566,0.8214184280092633,0.9788880375607651,0.9607893625705951,196
210,0.6395617348180427,0.9530381851218529,0.7997260373515687,0.976236746451317,0.9607893625705951,196
211,0.6825982209285238,0.9537692248805255,0.826195025964526,0.9766110919299071,0.9607893625705951,196
212,0.6743529990652489,0.9418223250174272,0.8211899896280086,0.9704753088138962,0.9607893625705951,196
213,0.6606152205079093,0.9544986127325108,0.8127823943146834,0.9769844485622639,0.9607893625705951,196
214,0.5883452212266383,0.9061354242799871,0.7670366492069582,0.9519114582144639,0.9519114582144639,214
215,0.565564857074711,0.9117025355921445,0.7520404623919587,0.9548311555412007,0.9519114582144639,214
216,0.6118267662433806,0.8791581243755018,0.7821935605995364,0.9376343233774571,0.9376343233774571,216
217,0.5737670559335992,0.873972681884324,0.7574741288873167,0.9348650607891622,0.9348650607891622,217
218,0.6101828120274421,0.8749706610767826,0.781141992231529,0.9353986642479144,0.9348650607891622,217
219,0.5912636005720519,0.8721045415816164,0.7689366687654139,0.9338653765835933,0.9338653765835933,219
220,0.6193506151860672,0.8951825393226249,0.7869883195995142,0.9461408665323705,0.9338653765835933,219
221,0.5945965740157251,0.842586540880751,0.7711008844604739,0.9179251281454011,0.9179251281454011,221
222,0.6215243194747482,0.8719523723163787,0.7883681370240353,0.9337839002233754,0.9179251281454011,221
223,0.574641187171737,0.8782865247051233,0.7580509133110631,0.9371694215589427,0.9179251281454011,221
224,0.5290592453012175,0.829935173699046,0.7273645889794317,0.9110077791649455,0.9110077791649455,224
225,0.6081023137253457,0.8262851303682461,0.7798091521169431,0.9090022719268892,0.9090022719268892,225
226,0.6689163348319481,0.8690212576264691,0.817873055450507,0.9322130966825499,0.9090022719268892,225
227,0.5915799718237976,0.861802796259366,0.7691423612204685,0.92833334328751,0.9090022719268892,225
228,0.5965281649097681,0.890435479623799,0.772352358001041,0.9436288887183345,0.9090022719268892,225
229,0.6063239089843312,0.8359390323331011,0.7786680351628229,0.9142970153801778,0.9090022719268892,225
230,0.5859693166383293,0.8654144005089938,0.7654863268787557,0.930276518304635,0.9090022719268892,225
231,0.5580571538538018,0.8503521327289488,0.747032230799851,0.9221453967400959,0.9090022719268892,225
232,0.5352907446890909,0.8220605345445424,0.7316356638991096,0.9066755398402134,0.9066755398402134,232
233,0.5550103798553694,0.8419664540003544,0.744990187757778,0.9175873004790086,0.9066755398402134,232
234,0.5411742140120117,0.8028316336255106,0.7356454404208672,0.8960087240789069,0.8960087240789069,234
235,0.5109314581272443,0.7941123563981041,0.7147946964879106,0.891129820171059,0.891129820171059,235
236,0.5375464397000698,0.8309124087590525,0.7331755858592605,0.9115439697343471,0.891129820171059,235
237,0.5629846006655441,0.8101851981362299,0.7503229975587474,0.900102881973072,0.891129820171059,235
238,0.5189837006775194,0.8071765827024,0.720405233655003,0.8984300655601414,0.891129820171059,235
239,0.5595878494520751,0.8397735801056367,0.7480560469992038,0.9163916084871341,0.891129820171059,235
240,0.5611284594183423,0.8236062850466334,0.7490850815617291,0.9075275671001037,0.891129820171059,235
241,0.5516344141829419,0.8248655444314886,0.7427209531061729,0.9082210878588366,0.891129820171059,235
242,0.5450390534134316,0.809986266044456,0.7382676028469837,0.899992369992355,0.891129820171059,235
243,0.5128198446785579,0.7808502185691152,0.7161144075345488,0.8836572970157125,0.8836572970157125,243
244,0.5318791463560011,0.7930451746499858,0.7293004499902637,0.8905308386855482,0.8836572970157125,243
245,0.5523270135488875,0.8167684730669832,0.7431870649768384,0.9037524401444144,0.8836572970157125,243
246,0.538405768463218,0.8152898188562799,0.7337613838729986,0.9029340058145334,0.8836572970157125,243
247,0.5257877853394296,0.7999203454620927,0.7251122570605393,0.8943826616510926,0.8836572970157125,243
248,0.5073043000629124,0.7681573507818578,0.7122529747659271,0.8764458630068703,0.8764458630068703,248
249,0.5301973283057392,0.7659962967784569,0.7281465019525529,0.8752121438705344,0.8752121438705344,249
250,0.5483805180114594,0.8123887430301877,0.7405271892452426,0.9013261024902073,0.8752121438705344,249
251,0.5467250510975195,0.801085111253717,0.7394085819744856,0.8950335810759935,0.8752121438705344,249
252,0.519731474326405,0.7736572910236915,0.7209240419949976,0.8795779050338245,0.8752121438705344,249
253,0.5081489330327512,0.793705176782467,0.7128456586335862,0.8909013283088464,0.8752121438705344,249
254,0.5174206674234808,0.7839269924164999,0.7193195864311501,0.8853965170569059,0.8752121438705344,249
255,0.4997327816271646,0.8049445827128286,0.7069178040105969,0.8971870388680548,0.8752121438705344,249
256,0.5276574779127713,0.7669581560838749,0.7264003564927342,0.8757614721394604,0.8752121438705344,249
257,0.49860588531567196,0.789167816272936,0.7061203051291416,0.8883511784609373,0.8752121438705344,249
258,0.49181661294207485,0.7677007758549148,0.7012963802431001,0.8761853547366075,0.8752121438705344,249
259,0.4846994127860089,0.7488863272696322,0.6962035713683239,0.8653821856669065,0.8653821856669065,259
260,0.5278930772621478,0.7664705714375176,0.7265625074707254,0.8754830503427908,0.8653821856669065,259
261,0.5094587284837258,0.7724886638348009,0.7137637763880469,0.8789133426196242,0.8653821856669065,259
262,0.4852464660826081,0.780385313099835,0.696596343718949,0.8833942002865057,0.8653821856669065,259
263,0.4998603296718833,0.7849091385443916,0.7070080124523932,0.8859509797637742,0.8653821856669065,259
264,0.5096501292965853,0.7627363329705339,0.713897842339214,0.87334777320981,0.8653821856669065,259
265,0.5046677298611255,0.7793991558768598,0.7103996972557952,0.8828358600990672,0.8653821856669065,259
266,0.49469967223309386,0.7590301575817565,0.7033488979397735,0.8712233683629913,0.8653821856669065,259
267,0.5045963727176238,0.7678275269935603,0.7103494722442073,0.8762576829868941,0.8653821856669065,259
268,0.500806617819716,0.7759548305855274,0.7076769162687985,0.8808829834805116,0.8653821856669065,259
269,0.49938907321722614,0.7413846147470265,0.7066746586776875,0.8610369415693072,0.8610369415693072,269
270,0.49096458136706106,0.7533482940033149,0.7006886479507578,0.8679563894593524,0.8610369415693072,269
271,0.48898717570065964,0.7399612800799482,0.6992761798464607,0.8602100209134675,0.8602100209134675,271
272,0.4960902480662201,0.7696443380671345,0.704336743373665,0.8772937581375662,0.8602100209134675,271
273,0.5056427417455631,0.7593603297366527,0.7110856078880821,0.8714128354211066,0.8602100209134675,271
274,0.49956089885559707,0.7388767089486692,0.7067962215912003,0.8595793790852996,0.8595793790852996,274
275,0.47654883851987095,0.7355827449455467,0.6903251686849255,0.8576612063895316,0.8576612063895316,275
276,0.49552824922614985,0.7722346470330304,0.7039376742483313,0.878768824568231,0.8576612063895316,275
277,0.4982087159752065,0.7616454871423516,0.7058390156226889,0.8727230300286292,0.8576612063895316,275
278,0.466882365744254,0.7625826617686887,0.6832879083843457,0.8732597905369791,0.8576612063895316,275
279,0.4698880721794999,0.7813534354284922,0.6854838234265633,0.8839419864609285,0.8576612063895316,275
280,0.4703071260112461,0.7834300481476905,0.6857894181242855,0.8851158388299751,0.8576612063895316,275
281,0.4887246748459969,0.7529684822553616,0.6990884599576772,0.8677375653130165,0.8576612063895316,275
282,0.4820385357195661,0.7625101406893638,0.6942899507551338,0.873218266351182,0.8576612063895316,275
283,0.495659184222113,0.742154914097936,0.7040306699442241,0.8614841345596191,0.8576612063895316,275
284,0.5100155686903063,0.7658097739544238,0.7141537430345838,0.8751055787471725,0.8576612063895316,275
285,0.46112942631785603,0.7368902781259178,0.6790651119869552,0.8584231346637379,0.8576612063895316,275
286,0.4669088363849052,0.7420342817043443,0.683307278158886,0.8614141174280489,0.8576612063895316,275
287,0.4711441345572223,0.7248311674807344,0.686399398715662,0.8513701706547713,0.8513701706547713,287
288,0.4821902900974993,0.7387593773203166,0.6943992296204679,0.8595111269322326,0.8513701706547713,287
289,0.48557816748942373,0.7225643063503774,0.6968343902889866,0.8500378264232583,0.8500378264232583,289
290,0.49360799155225615,0.7413966714140605,0.7025724101843568,0.8610439427892519,0.8500378264232583,289
291,0.45793447000428833,0.7467805171894721,0.6767085561778338,0.8641646354656456,0.8500378264232583,289
292,0.47943594787307153,0.7774632893867668,0.6924131338103514,0.88173878750272,0.8500378264232583,289
293,0.5114912732799918,0.7352176370554401,0.715186180850827,0.8574483290877882,0.8500378264232583,289
294,0.46183374023434953,0.7415305771034332,0.6795835049751793,0.8611216970344163,0.8500378264232583,289
295,0.4709301611737107,0.7478153115154416,0.6862435144857186,0.8647631534214681,0.8500378264232583,289
296,0.4443937947921291,0.7204895007558768,0.6666286783450958,0.8488165295020337,0.8488165295020337,296
297,0.48772423077178806,0.7521351644122634,0.6983725587190465,0.8672572654133625,0.8488165295020337,296
298,0.4477088856271657,0.7229897422679509,0.669110518245802,0.8502880348846212,0.8488165295020337,296
299,0.4479280151893346,0.6981724767730481,0.6692742451262671,0.8355671587449138,0.8355671587449138,299
300,0.5052935808364307,0.7266138523771214,0.7108400529207894,0.8524164782411948,0.8355671587449138,299
