period,Date,Type_of_Security,spread,SMM_monthly,Cumulative_SMM,actual_cpr_pct,reported_cpr_pct,log_UPB,log_UPB_z,coupon,duration,Cohort_Current_UPB,n_raw_rows
2019-01,20190131,15yr TBA Eligible,-0.49187311905404707,0.00022123071906126834,0.0021159735766222475,0.2651540769593952,0.26508223244667894,29.151735241616816,0.7590988835325092,3.4141268809459535,46.71777447542716,4575491504744.54,610
2019-02,20190228,15yr TBA Eligible,-0.3833279100105016,0.00025534022672211575,0.00233567953819515,0.3059783271414429,0.3058955970700739,29.144452994028768,0.7557848225893987,3.4166720899894982,47.32739450780784,4542292670549.27,614
2019-03,20190329,15yr TBA Eligible,-0.29722242421885925,0.00028551880837403043,0.0028429778731878788,0.34208504325350386,0.3420178980464714,29.235509742431816,0.7972236242561344,3.42027757578114,48.01492466739652,4975314708018.7,699
2019-04,20190430,15yr TBA Eligible,-0.1783875707714535,0.000348285450552423,0.00350847446276429,0.41714287120718785,0.4170342152120641,29.274615041903253,0.8150199631034475,3.4266124292285465,48.52629498701487,5173730142635.681,754
2019-05,20190531,15yr TBA Eligible,-0.09976906303734934,0.00043081266593262516,0.004134430270461422,0.515751999454539,0.5154844107441597,29.173255373166707,0.7688924296318137,3.434230936962651,48.90141441795046,4675023816835.52,703
2019-06,20190628,15yr TBA Eligible,0.2014287954297047,0.00040806623923213335,0.004036189518127676,0.4885819614487197,0.48847452878421055,29.165486647971882,0.7653569787377538,3.438928795429705,49.29770551237448,4638845552973.89,715
2019-07,20190731,15yr TBA Eligible,0.2418353869474834,0.0004606895577087797,0.004653420453221585,0.5514288679263402,0.551163297851197,29.25618266967758,0.8066316181394242,3.444335386947483,49.57627576408011,5079239541089.66,798
2019-08,20190830,15yr TBA Eligible,0.36552270998980907,0.00046953934620985396,0.005063123895967914,0.5619944069397587,0.5616923116085902,29.249773033048662,0.803714671667253,3.4475227099898094,49.873878106207826,5046787575038.3,800
2019-09,20190930,15yr TBA Eligible,0.33405140077924633,0.0005054868194763371,0.004902975472486874,0.6049006099693055,0.604446910406465,29.14902368711682,0.757864888566683,3.449051400779247,50.07885015236569,4563101615686.29,728
2019-10,20191031,15yr TBA Eligible,0.3056659326147484,0.000522248336192834,0.0053807293373694335,0.6249010274839595,0.6243885555909575,29.243407940759386,0.8008179967739407,3.447665932614749,50.13009129906032,5014766323579.25,806
2019-11,20191129,15yr TBA Eligible,0.2850348082567975,0.0005162672738345379,0.005026073784712155,0.6177646417982574,0.6173047024806854,29.093558700717402,0.7326234582371026,3.4425348082567973,49.94057915221091,4316900141240.3296,679
2019-12,20191231,15yr TBA Eligible,0.2610369392143954,0.0004787355427561631,0.004935879830352161,0.5729724236046896,0.5725436294866565,29.196896643145276,0.7796512796344003,3.4385369392143956,49.82032455041374,4786864131579.22,756
2020-01,20200131,15yr TBA Eligible,0.36341885786884376,0.0004220703336719403,0.004499357045685363,0.505310306775808,0.5050324539994611,29.20199648039471,0.7819721525847106,3.435418857868844,49.45592784652604,4811338714735.601,746
2020-02,20200228,15yr TBA Eligible,0.4619285212705031,0.00045686787367557884,0.004234792223094543,0.5468659377264706,0.5464407192432994,29.099617506163437,0.7353807457706333,3.4319285212705033,49.588970717666484,4343134794401.59,692
2020-03,20200331,15yr TBA Eligible,0.5427797967341608,0.0005240878488127651,0.005264600264787407,0.6270957724648141,0.6264132213987449,29.25088025297674,0.8042185537825899,3.42777979673416,49.379027589736886,5052378573475.4,833
2020-04,20200430,15yr TBA Eligible,0.6167579090677799,0.000682021436278969,0.006906366550676687,0.8153626808337866,0.8139628962096226,29.258889524272618,0.8078634742365463,3.4207579090677798,48.96393132548186,5093006928732.8,866
2020-05,20200529,15yr TBA Eligible,0.7163863076827255,0.0007663607083343131,0.007581699496756131,0.915766497282644,0.9141617845815174,29.173620785950938,0.7690587244771466,3.4088863076827254,48.41854901772982,4676732442462.58,801
2020-06,20200630,15yr TBA Eligible,0.7798426269849141,0.0008163150512488407,0.008546183980689959,0.9751919631093453,0.9735218683874908,29.293948906247977,0.8238185659976153,3.3823426269849146,47.04325524805869,5274731567128.959,891
2020-07,20200731,15yr TBA Eligible,0.8331275866280055,0.0008371845093185674,0.009046465291822264,1.0000085015522187,0.998271731678764,29.358607226195783,0.8532437688893517,3.3531275866280055,45.68579325148139,5627054412317.2295,915
2020-08,20200831,15yr TBA Eligible,0.8424493576884444,0.0008900743803935416,0.009137266060505791,1.0628760047981411,1.0612989520832279,29.295917702799088,0.8247145409938069,3.317449357688445,43.766442012260626,5285126670009.949,827
2020-09,20200930,15yr TBA Eligible,0.8900625856093312,0.0009561440251184948,0.009573486493779274,1.1413582242062792,1.1391836687045287,29.33818191641864,0.8439484626580094,3.275062585609331,41.777431125205354,5513285916458.359,834
2020-10,20201030,15yr TBA Eligible,0.8844710437713967,0.0009616493613275595,0.010086795650641875,1.147895277352351,1.1456909533248563,29.375160925057692,0.8607771528067435,3.230471043771397,39.90461721081934,5720978225014.82,837
2020-11,20201130,15yr TBA Eligible,0.8761301055112867,0.0007781416812659852,0.009586844761003898,0.9297840355528497,0.9276725477468076,29.50221226188418,0.9185966471394683,3.181130105511286,38.298254094126264,6496029512019.31,909
2020-12,20201231,15yr TBA Eligible,0.913122750753192,0.0007394483277582719,0.008813720940350744,0.8837381002586464,0.8817609005254445,29.67298359389651,0.9963125713486225,3.131122750753192,36.61107765062171,7705716669181.17,1033
2021-01,20210130,15yr TBA Eligible,0.8915142819755149,0.0007073856801027823,0.008837606120913553,0.8455679874219468,0.8438747933716456,29.65595981967202,0.9885652619390506,3.091514281975515,35.33536388899421,7575646571628.219,965
2021-02,20210227,15yr TBA Eligible,0.8268579853740206,0.000782874230120113,0.00925608845619928,0.9354145259589774,0.9333575596953041,29.626858926661804,0.9753218049199452,3.0643579853740204,34.93283280470862,7358365363574.66,956
2021-03,20210331,15yr TBA Eligible,0.6378034882258721,0.0008076727776048829,0.010986165468502437,0.964913490221686,0.9627274194629747,29.767925108655614,1.03951928220796,3.030303488225872,34.16184799487558,8473164000828.649,1111
2021-04,20210430,15yr TBA Eligible,0.6236932237294601,0.0006675694534103892,0.00874135633121234,0.7981485960724233,0.7965328068193686,29.71853413179769,1.017042058607986,2.9876932237294596,33.03636327056043,8064833090840.9,1044
2021-05,20210531,15yr TBA Eligible,0.6684206559744124,0.0005731006965615273,0.007657684053908115,0.6855572385413233,0.6843064320710043,29.79061388837621,1.0498446656571954,2.9484206559744126,31.749689563840523,8667607251186.17,1082
2021-06,20210630,15yr TBA Eligible,0.6493277732307767,0.0005648493563365941,0.007369045369616201,0.6757174257139509,0.6746252275708969,29.815953719349462,1.061376509791595,2.9193277732307763,31.17601091103189,8890049374263.55,1089
2021-07,20210731,15yr TBA Eligible,0.7171445195391417,0.0005722158249615699,0.007072803318382321,0.684502062325365,0.6834697243008295,29.793326358176426,1.051079077164848,2.8971445195391423,30.708758162772412,8691149788871.879,1056
2021-08,20210831,15yr TBA Eligible,0.7321845642729352,0.0006254780268719481,0.007735604939972804,0.7479969378751505,0.7469265611555062,29.84003775937748,1.0723368589755702,2.8771845642729352,30.337639756729438,9106756799566.0,1059
2021-09,20210930,15yr TBA Eligible,0.6768272873430985,0.0006805142153283655,0.007947937639949951,0.8135675236566775,0.8121794511943132,29.84409017788879,1.0741810645935603,2.860827287343098,30.240827975123242,9143736066525.121,1048
2021-10,20211030,15yr TBA Eligible,0.5294217784621837,0.000608341498715902,0.008196162263419765,0.7275722207466084,0.7264089192181112,29.859035208980394,1.0809823636753908,2.8369217784621834,29.660768145594698,9281415737213.63,1026
2021-11,20211130,15yr TBA Eligible,0.45864212941498916,0.0004653690667225354,0.006515603014806304,0.5570157437694623,0.5561243355934687,29.871530228036157,1.0866686925368385,2.8161421294149895,29.540303544224816,9398114763690.51,1024
2021-12,20211231,15yr TBA Eligible,0.45086335745105055,0.000429739196799436,0.005734508036019998,0.5144699203155856,0.5137879486567238,29.919218991149837,1.1083712596837845,2.79886335745105,29.28716881261591,9857157836849.63,1065
2022-01,20220131,15yr TBA Eligible,0.12167628752980697,0.00031647582623005414,0.0046946521785518995,0.3791106524586585,0.3787428896862411,29.88980735053819,1.0949863852689359,2.781676287529807,29.265808455497467,9571464600975.01,1010
2022-02,20220228,15yr TBA Eligible,-0.22053575189290298,0.0003098411767320818,0.0036902541311788347,0.3711764557559727,0.3707621083709115,29.806165092015203,1.0569218263792408,2.7769642481070966,29.748115847305264,8803452517589.64,961
2022-03,20220331,15yr TBA Eligible,-0.6196752105110357,0.00031415570073695906,0.003980620016830211,0.3763361434089507,0.3760389360069354,29.923580652498167,1.110356197897819,2.770324789488964,30.099652140439996,9900245319386.27,1110
2022-04,20220430,15yr TBA Eligible,-1.4474198594118826,0.0002723019833955369,0.0037406256377513127,0.32627344475604225,0.3260244062834812,29.877709317609995,1.089480719891449,2.7675801405881164,30.44589323762867,9456366342158.592,1058
2022-05,20220531,15yr TBA Eligible,-1.6770720673155401,0.0002278587281451344,0.003150373880403168,0.2730880645481659,0.27295402366837707,29.885605478947102,1.0930741654000522,2.7579279326844603,30.445889291894243,9531330913133.54,1069
2022-06,20220630,15yr TBA Eligible,-1.8936660588399175,0.0002418095031307624,0.00299586102152706,0.2897858005304732,0.2896474623407407,29.88514599542083,1.0928650601217704,2.758333941160082,30.851789356856628,9526952429593.07,1075
2022-07,20220730,15yr TBA Eligible,-1.8555616476075825,0.0002069141000643292,0.002954263256621436,0.24801454614231666,0.24791202583469404,29.867662604582232,1.0849085848672853,2.7569383523924165,31.538512675114564,9361836594978.162,1031
2022-08,20220831,15yr TBA Eligible,-1.7979775249192307,0.00019198534086693782,0.0025522976216713527,0.2301392994016771,0.23007769166879669,29.900581966827634,1.0998897800780396,2.76452247508077,32.13634341310272,9675151047115.92,1091
2022-09,20220930,15yr TBA Eligible,-2.579638215782598,0.0001772446804324224,0.002227554661200898,0.2124863955053624,0.21241825806494863,29.819493334310366,1.0629873448468097,2.7703617842174024,32.66460337170667,8921572482953.02,1025
2022-10,20221031,15yr TBA Eligible,-3.3652294445498976,0.0001444293042030657,0.0019818328225712106,0.1731775564653093,0.17314403817241697,29.84328333123984,1.0738138786480065,2.7797705554501038,33.302867725441715,9136361449213.66,1032
2022-11,20221130,15yr TBA Eligible,-3.3624037102647377,0.00012047992979238352,0.0015651072316164307,0.14448015248537116,0.14444904238584705,29.81766336802523,1.0621545497901388,2.7750962897352616,34.076427328415285,8905261235167.48,995
2022-12,20221231,15yr TBA Eligible,-2.8840151402646828,0.00012046630650639394,0.0015616372144341838,0.1444638261935527,0.14444904781929346,29.81002734400026,1.0586794895596496,2.7839848597353156,34.62040224625559,8837519414673.541,1018
2023-01,20230131,15yr TBA Eligible,-2.637447878273921,9.451526471693599e-05,0.0013252474155347345,0.11335937753861325,0.11335638976839704,29.799424297685437,1.053854174127142,2.7875521217260797,35.565215275990305,8744309813125.339,1018
2023-02,20230228,15yr TBA Eligible,-2.6166955312877342,8.771146233334746e-05,0.0011714503564639587,0.1052029938583332,0.10518080260585093,29.898490453067136,1.0989379579953877,2.798304468712264,35.99974887648319,9654936482454.98,1200
2023-03,20230302,15yr TBA Eligible,-2.997866944285967,0.00019871564865626677,0.002510114236587372,0.2381983307418456,0.23823739820617917,27.259814630102547,-0.10189082195014984,2.7981330557140334,36.03651256937253,689901471974.02,86
2019-01,20190131,20yr TBA Eligible,-0.14343661757455894,0.00019643928878736045,0.0017585423027601523,0.23547262983559802,0.23532855951668216,27.85648596168332,0.16964693228811809,3.9485633824254425,48.03289626597809,1252904988411.99,428
2019-02,20190228,20yr TBA Eligible,-0.034368837683702136,0.00022397545843745232,0.00199943436364379,0.2684397081469836,0.26834826238410614,27.86148662917661,0.1719226743071343,3.9556311623162976,48.7201931203646,1259186041299.21,446
2019-03,20190329,20yr TBA Eligible,0.057604090893444315,0.00027816906133464167,0.0026668531604436656,0.33329265186097246,0.333152893837225,27.961162175261084,0.21728378435836673,3.9576040908934442,49.27283560355972,1391164351337.77,498
2019-04,20190430,20yr TBA Eligible,0.17719743402049604,0.0003274238854980111,0.0031572167974944767,0.39220187202634316,0.3919351401298278,28.008214377764393,0.23869666063292125,3.9613641006871623,49.98461575453292,1458186093861.76,533
2019-05,20190531,20yr TBA Eligible,0.25197446169968485,0.0004397521173702152,0.0039133161259360645,0.5264280891736695,0.5259461730281071,27.918805369566318,0.19800772518422755,3.9653077950330187,50.26887977505986,1333469581874.5498,511
2019-06,20190628,20yr TBA Eligible,0.5422692771028825,0.0004123906941487221,0.003953233107891431,0.493747938329947,0.4934446306018378,27.915678672506584,0.19658480396638667,3.968102610436216,51.05493859516733,1329306737821.2,524
2019-07,20190731,20yr TBA Eligible,0.58351641004205,0.0004937314361288808,0.0048664000761508225,0.5908714814507166,0.5903634255350798,28.006701486571185,0.23800816253477697,3.97351641004205,51.4368175572482,1455981684898.21,571
2019-08,20190830,20yr TBA Eligible,0.7189583978488492,0.0005290400271614298,0.00548423574193357,0.6330040561361439,0.6323935973725987,28.012661223590047,0.24072036525057572,3.9789583978488494,51.64183258332787,1464684861405.8198,590
2019-09,20190930,20yr TBA Eligible,0.7010450863297195,0.0006249573612236676,0.005863796354579998,0.7473764226773927,0.7463815449987785,27.92132405322874,0.19915394701378825,3.979378419663053,51.72104807880088,1336832403088.44,548
2019-10,20191031,20yr TBA Eligible,0.6528504516004667,0.0006675948509892063,0.006689120229792985,0.7981788501069453,0.7970309035294382,28.021777112605697,0.24486889376230597,3.9768504516004675,51.50142606804969,1478097808630.55,610
2019-11,20191129,20yr TBA Eligible,0.6327942727849072,0.000613403650429946,0.005984841110655424,0.7336061084998402,0.7327037087511381,27.865669732354018,0.17382635290273712,3.969460939451574,51.573013394712504,1264464378647.5398,506
2019-12,20191231,20yr TBA Eligible,0.6026376370262709,0.0005275843202413121,0.005457388921635067,0.631267332751595,0.6304926237490417,27.991698537225247,0.23118050557067668,3.9609709703596048,50.882409575677606,1434300711381.38,580
2020-01,20200131,20yr TBA Eligible,0.692256984467452,0.00045650651328501055,0.00469228019025676,0.5464344786687003,0.5457657254740554,27.992827068327394,0.23169408613814438,3.948256984467452,50.42071559544565,1435920278037.79,554
2020-02,20200228,20yr TBA Eligible,0.8036741659261275,0.0005343787902268444,0.004703970300086477,0.6393732008224018,0.6385445877612113,27.922037285868313,0.19947853037978625,3.938674165926127,49.63259970977077,1337786215696.6704,519
2020-03,20200331,20yr TBA Eligible,0.8486727690970928,0.0006876767731548174,0.006690013121390005,0.8220981354971846,0.8208065746566643,28.064256359585382,0.264200674453088,3.9220061024304265,50.03024567953946,1542238979966.9097,593
2020-04,20200430,20yr TBA Eligible,0.9392951388181716,0.0010235532017515364,0.010092746491695273,1.2213728156373005,1.2188036703153644,28.06871086113085,0.2662278630942827,3.9106284721515054,49.95823801294694,1549124209634.7,610
2020-05,20200529,20yr TBA Eligible,1.0196412022697041,0.0010762828403501844,0.010823762973942847,1.2839214312385105,1.2813573762243615,27.98658207460683,0.2288520666202609,3.8921412022697037,48.78683967270039,1426980907128.7002,551
2020-06,20200630,20yr TBA Eligible,1.0796547739440618,0.0011547514693342204,0.0121756404341814,1.3769347747366822,1.3737852233446308,28.09790195538825,0.27951236958701464,3.8688214406107284,47.91970044491655,1595011329679.75,613
2020-07,20200731,20yr TBA Eligible,1.1559968239095775,0.0011881201377429566,0.012647006810828932,1.4164642104715464,1.4131211712777383,28.159809154046737,0.30768557115574574,3.841330157242911,46.72366418652157,1696874514655.53,651
2020-08,20200831,20yr TBA Eligible,1.1698197017351384,0.0012233316868843908,0.012279749427458993,1.4581610237064613,1.4545310695953304,28.103071045381853,0.28186475860594096,3.7981530350684722,44.79335018985307,1603277432492.8599,601
2020-09,20200930,20yr TBA Eligible,1.1796416030945176,0.0013686285472275337,0.013444084200094358,1.6300477323584972,1.6249718250172642,28.161732383798135,0.30856080926412827,3.732974936427851,42.04895181256032,1700141134429.79,608
2020-10,20201030,20yr TBA Eligible,1.1772422863830219,0.0014045318556720773,0.014615540044190986,1.6724791065041877,1.667155475010876,28.190814359595798,0.32179565729342396,3.6859089530496885,40.42218014910691,1750310575085.5498,609
2020-11,20201130,20yr TBA Eligible,1.17065637802986,0.0011249020669917653,0.013779569453637692,1.3415620465516587,1.3363449858411662,28.31335906065022,0.3775642373422768,3.628989711363193,38.631697235930815,1978497948054.8398,666
2020-12,20201231,20yr TBA Eligible,1.2028612585620309,0.0010497242838008235,0.01229174648575124,1.2524218491749561,1.2474209557250318,28.471833760636027,0.4496841161769511,3.5761945918953644,36.93987321690464,2318250125206.02,752
2021-01,20210130,20yr TBA Eligible,1.1595992986638426,0.0009497949417089089,0.011820058535561732,1.1338188110203373,1.1300983715108475,28.43308951032563,0.4320520863439466,3.537932631997176,36.22872717219219,2230148988878.71,710
2021-02,20210227,20yr TBA Eligible,1.0788775445090093,0.0010836817838030916,0.012810302854676233,1.2926952535022296,1.2882473978380933,28.403252213898494,0.418473501224227,3.507210877842342,35.6620487919423,2164590283328.4702,686
2021-03,20210331,20yr TBA Eligible,0.8267356340728211,0.0011200497262194985,0.015143079610206993,1.3358107310640577,1.3309205803693926,28.545786917773704,0.4833392846845334,3.449235634072821,34.683587744223296,2496190580214.02,778
2021-04,20210430,20yr TBA Eligible,0.7916880831796029,0.0008846376956864673,0.01177080759615834,1.0564153817934963,1.0526136485994821,28.4928138148006,0.4592318797280372,3.387688083179603,33.05565247984249,2367400928811.6304,711
2021-05,20210531,20yr TBA Eligible,0.8077517821576023,0.0006726226565255569,0.008964234200658214,0.8041678923314532,0.8016060669489485,28.573295496641055,0.49585809920196217,3.3152517821576026,30.322043659714346,2565810416858.7197,711
2021-06,20210630,20yr TBA Eligible,0.7555686435297222,0.0006183320794269537,0.007951633916579453,0.7394802809985834,0.7371128074677602,28.659069811409775,0.534892930558648,3.2605686435297216,28.802007704850823,2795605431464.7803,738
2021-07,20210731,20yr TBA Eligible,0.8286654053639602,0.000610189814506741,0.007581956765941913,0.7297753801734252,0.7279856875606578,28.64736763436927,0.5295674143069138,3.2379987386972937,28.196613848489854,2763081433714.98,716
2021-08,20210831,20yr TBA Eligible,0.8362259669084864,0.0006468957253432037,0.008062055114532968,0.7735188884278488,0.7714910342414073,28.70390861291262,0.5552985153729232,3.2137259669084868,27.808655260834193,2923809814886.6396,723
2021-09,20210930,20yr TBA Eligible,0.7750711848414413,0.0007380349013443581,0.008594246232055345,0.8820557206359214,0.879304962954599,28.69644301722027,0.5519010149718538,3.197737851508108,27.60820455593757,2902063109985.08,704
2021-10,20211030,20yr TBA Eligible,0.6210177544485411,0.000670080870880421,0.008746852550610404,0.8011401990045797,0.7989283829415125,28.714906354140197,0.5603034515858264,3.1818510877818755,27.431038025691265,2956142586469.36,704
2021-11,20211130,20yr TBA Eligible,0.565664083829748,0.0005198285587119061,0.007272633089171933,0.6220138937392261,0.620395656006734,28.747554507577032,0.5751612230171733,3.159830750496415,27.336844559713164,3054247948601.84,720
2021-12,20211231,20yr TBA Eligible,0.5384766786862523,0.0004613092225272332,0.00606239572736016,0.5521687036087575,0.5510037933453648,28.803379047245894,0.6005662815992712,3.136476678686253,26.97404741831422,3229598839800.129,742
2022-01,20220131,20yr TBA Eligible,0.19126217766257048,0.00034458025915955036,0.005008842242051218,0.4127135557373429,0.41206513193246075,28.77710598344634,0.5886097347308487,3.112928844329237,26.52353119150711,3145852339290.2607,678
2022-02,20220228,20yr TBA Eligible,-0.1450916781790461,0.0003210249990722952,0.0038275414094871237,0.38455054967664326,0.38389290898649303,28.690355480161916,0.5491306520363867,3.107408321820954,27.044378929778333,2884450356792.4805,629
2022-03,20220331,20yr TBA Eligible,-0.5456887970964774,0.00030905467090638536,0.003912923968375285,0.3702358564492636,0.3697431545662222,28.810080008573504,0.6036158063440181,3.1049778695701913,27.484912760163628,3251312928110.3086,727
2022-04,20220430,20yr TBA Eligible,-1.3767181079002442,0.0002654772500928429,0.0035942176534296726,0.31810795556928007,0.31782385264857294,28.75544196762728,0.5787507086775862,3.094115225433089,27.760692196320434,3078433463033.74,668
2022-05,20220531,20yr TBA Eligible,-1.6155460586367303,0.00021511747230027652,0.002906290114469791,0.2578357671797593,0.2576865360445323,28.751449372009173,0.5769337277194926,3.084453941363271,27.962967819545128,3066167026833.0596,660
2022-06,20220630,20yr TBA Eligible,-1.8555319913949426,0.0002301017827305206,0.002748875445386132,0.2757729580866952,0.2755918147556219,28.758263888268058,0.5800349299110835,3.0864680086050575,28.58359281374484,3087132826648.2896,667
2022-07,20220730,20yr TBA Eligible,-1.7910689453540494,0.0001934362596463341,0.0025503981041075947,0.23187671466926574,0.2317482632416503,28.739583090228372,0.5715335294271083,3.088097721312617,29.426756679453643,3029998044978.6294,671
2022-08,20220831,20yr TBA Eligible,-1.7020980318798964,0.00017563466140265729,0.00224382641955649,0.21055811910356548,0.21047484186939677,28.793037509199713,0.5958599753502516,3.0804019681201025,29.83440823346362,3196371925351.56,703
2022-09,20220930,20yr TBA Eligible,-2.518934701258504,0.00016235748762113465,0.002016344231167992,0.1946551035702071,0.19459893987258223,28.697246821959002,0.5522668165816339,3.085065298741496,31.1034069368112,2904396739830.71,649
2022-10,20221031,20yr TBA Eligible,-3.319366269943645,0.0001362729591697423,0.001699026270644638,0.1634050425524891,0.16332508852916697,28.72512226761645,0.5649525876445082,3.077300396723021,31.0918966023247,2986497068743.75,639
2022-11,20221130,20yr TBA Eligible,-3.283827611659776,0.00011869726630650103,0.001419444785862324,0.14234376867849896,0.14230213161163277,28.66232943241038,0.5363763438203969,3.076172388340225,32.199542189501415,2804732913623.1396,604
2022-12,20221231,20yr TBA Eligible,-2.8119778379081874,0.0001110839338597665,0.0012845940725427132,0.13321930915393132,0.13316628590080973,28.656911671219508,0.5339107876106297,3.088022162091811,33.462090524202814,2789578628708.8203,626
2023-01,20230131,20yr TBA Eligible,-2.637819870746788,8.472643391679963e-05,0.0010379527561946273,0.10162435552550919,0.10162015465775602,28.62001734981816,0.5171206375779046,3.0696801292532117,33.754075591537855,2688534457708.1,569
2023-02,20230228,20yr TBA Eligible,-2.5796146999892,7.154179476530893e-05,0.0009100103916738929,0.08581638146533122,0.08576528303580237,28.84416738926076,0.6191285523228816,3.116218633344134,34.797590913648186,3364052247433.9,878
2023-03,20230302,20yr TBA Eligible,-2.9252254229002865,0.00017976686870468876,0.0020509431313375766,0.21550708376131267,0.21541205714155692,26.210318784929886,-0.5795034200375768,3.120107910433047,34.87419005812676,241544313250.2,64
2019-01,20190131,30yr TBA Eligible,-0.1500255625771958,0.00020855116494819555,0.001945680888469057,0.24997453971485895,0.24994182548805227,30.8563103730839,1.5348299747225589,4.313974437422804,45.14304386270404,25160851059522.113,1292
2019-02,20190228,30yr TBA Eligible,-0.050068758060611174,0.00026027829930786833,0.002328112276875805,0.3118872312229404,0.311805097181124,30.860512597749214,1.5367423552711612,4.319931241939387,45.50539875785828,25266805073813.477,1332
2019-03,20190329,30yr TBA Eligible,0.06468761822346991,0.00031254793876596404,0.0030647823799870855,0.3744134687302503,0.37430918177136574,30.965682912230683,1.584604066560645,4.32968761822347,45.93774806263678,28068888616409.87,1530
2019-04,20190430,30yr TBA Eligible,0.19218852503229833,0.0003921803493096857,0.0037835299436972283,0.4696026292154598,0.4693743557570853,31.01944695939047,1.609071420448508,4.334688525032298,46.285646063907045,29619290154016.55,1627
2019-05,20190531,30yr TBA Eligible,0.26550282616039933,0.0005486131080684537,0.005066157278431655,0.6563529139729796,0.6557527007166697,30.93182460490158,1.5691955690380692,4.337502826160399,46.39317768019999,27134432381289.59,1482
2019-06,20190628,30yr TBA Eligible,0.5381464366871445,0.0005135518786845081,0.005024572797212971,0.6145245761906559,0.6142830026070124,30.939273657989546,1.5725855411041805,4.340646436687144,46.51171033256442,27337312904377.85,1494
2019-07,20190731,30yr TBA Eligible,0.5754740824145137,0.0006504062190250884,0.006360652027190187,0.7777015206173576,0.7768985287046256,31.043668511718415,1.6200943497819316,4.340474082414514,46.514526273107045,30345474493363.37,1648
2019-08,20190830,30yr TBA Eligible,0.7230156854461032,0.0006968259182818372,0.007209885860407085,0.8329937961166878,0.8319403696275368,31.04938122047761,1.6226941329875018,4.339015685446103,46.57580919503608,30519325458466.527,1650
2019-09,20190930,30yr TBA Eligible,0.7263880654961556,0.0008735181567527116,0.008043213115687576,1.0432003986490246,1.041345407155975,30.963598247772833,1.58365536151104,4.331388065496156,46.56017653450562,28010435350831.418,1506
2019-10,20191031,30yr TBA Eligible,0.6332794268537931,0.0009434353017194898,0.009633391534209597,1.126266333714665,1.1240644829635529,31.06442526435408,1.6295404915649394,4.321279426853793,46.52536779061736,30981930530419.777,1678
2019-11,20191129,30yr TBA Eligible,0.6136717881033613,0.0008330994336955577,0.008243877121918423,0.9951512565874121,0.9939434118437857,30.920246935880538,1.5639267148483458,4.308671788103362,46.56841645586048,26822090488547.11,1444
2019-12,20191231,30yr TBA Eligible,0.5742003926535131,0.0007084524120566333,0.007404856277511845,0.8468381328646024,0.845930062084871,31.030209669222312,1.6139693967757995,4.294200392653513,46.39632753166619,29939795639306.77,1593
2020-01,20200131,30yr TBA Eligible,0.6557428264925891,0.0005968972526458215,0.0062268233772010285,0.7139298857772758,0.7131319498795343,31.041565531028667,1.6191373092413914,4.27974282649259,46.02142127160388,30281725601321.258,1563
2020-02,20200228,30yr TBA Eligible,0.8019996601658987,0.0007239074924623689,0.006368468272246174,0.8652386456717509,0.8641471706988969,30.95277258352813,1.5787287354079287,4.266999660165899,45.90634484668085,27708839217073.82,1443
2020-03,20200331,30yr TBA Eligible,0.8069246119101083,0.000993141782199877,0.00947877244785445,1.1852818590581293,1.1830773190302681,31.103430815375578,1.6472914361245565,4.256924611910108,46.02943096303289,32214275713670.8,1719
2020-04,20200430,30yr TBA Eligible,0.9390549429200892,0.001412468990068234,0.014027134556312994,1.6818571338225619,1.677922880277295,31.101174984110653,1.6462648351749258,4.245054942920089,46.160213422884766,32141687647335.79,1732
2020-05,20200529,30yr TBA Eligible,0.9889137264508148,0.001477176400082199,0.01464818738074463,1.7582808262008753,1.7538969043826425,31.012135096120314,1.605743881774217,4.221413726450814,45.58017131443959,29403507801151.01,1588
2020-06,20200630,30yr TBA Eligible,1.0290305206400725,0.0015222746502100576,0.016139710119233645,1.8115126095027967,1.807389369739296,31.110332580009995,1.6504323439743533,4.1915305206400735,45.110078379357475,32437380083821.99,1753
2020-07,20200731,30yr TBA Eligible,1.139747515962283,0.0014939634517467037,0.016014719406927634,1.7780985364275748,1.7741135110703332,31.157918130180345,1.6720879401854478,4.155747515962283,44.352213092921616,34018245541444.945,1832
2020-08,20200831,30yr TBA Eligible,1.1727870520144212,0.001551427536306552,0.01587197484819288,1.845909188483208,1.8421263045728817,31.0839588245534,1.6384299735763312,4.107787052014422,43.143997029629396,31593067342391.594,1677
2020-09,20200930,30yr TBA Eligible,1.1680673562800408,0.001749971900414758,0.017157767441486307,2.0798718672344396,2.0743835385027465,31.10035162435096,1.6458901343166077,4.0580673562800404,41.87902415518477,32115234366896.145,1680
2020-10,20201030,30yr TBA Eligible,1.173624270789297,0.0018089292631876116,0.018657066079283375,2.149248124735459,2.143128758328294,31.109308396773727,1.649966250831973,4.007624270789297,40.85223121340034,32404175269721.164,1675
2020-11,20201130,30yr TBA Eligible,1.1790823111665087,0.001463306000220704,0.01802377438107516,1.7419035616178968,1.7352912782579994,31.21415074337537,1.6976787079896811,3.944082311166509,39.56264221420375,35985987531445.79,1804
2020-12,20201231,30yr TBA Eligible,1.1918084458287979,0.0013787904268815305,0.016647032174212296,1.642058983369965,1.635430674079045,31.375244931448325,1.7709906835026956,3.8758084458287985,37.942752910890235,42276180365554.984,2031
2021-01,20210130,30yr TBA Eligible,1.0781577409878036,0.0012068665936021078,0.015406958989500959,1.4386654018213596,1.4334682302707942,31.339890685836515,1.7549014029421808,3.8131577409878035,36.62026403963959,40807650247855.664,1913
2021-02,20210227,30yr TBA Eligible,0.9501091171696916,0.001276989156638009,0.015057355027916136,1.5216700405171424,1.5158282161435708,31.318326712559664,1.745087905014373,3.7601091171696917,35.60724882743159,39937095215254.03,1907
2021-03,20210331,30yr TBA Eligible,0.6179319644424184,0.001277041192594224,0.017202063058041395,1.5217316120945457,1.5153149398887225,31.459345304556,1.809263724682263,3.7004319644424184,34.51243040187613,45985410752397.64,2191
2021-04,20210430,30yr TBA Eligible,0.5858980666534381,0.0010348129111317653,0.013614167714150941,1.234732286036011,1.2299058091149455,31.39652254822807,1.7806738641251123,3.6458980666534386,33.46638958106452,43185354963470.55,2039
2021-05,20210531,30yr TBA Eligible,0.6296892459135721,0.0008245922768333161,0.011260387251499644,0.9850353583899962,0.9815674679257246,31.463444713246467,1.811129314950469,3.5921892459135725,32.19199056236687,46174310669310.46,2088
2021-06,20210630,30yr TBA Eligible,0.5850456867231144,0.0007866005635152667,0.0102559727526817,0.9398476777794373,0.9368098679217605,31.48349429361272,1.8202536313670934,3.5600456867231145,31.553622680745143,47109429264497.56,2132
2021-07,20210731,30yr TBA Eligible,0.6667444248504641,0.0007826875308104695,0.009687167524770345,0.935192408364105,0.9324993604224154,31.458204935000495,1.808744756580875,3.534744424850465,31.110954983369336,45933000279312.0,2046
2021-08,20210831,30yr TBA Eligible,0.6673637234338932,0.000780913472299955,0.009848643587978486,0.9330817746233011,0.9306325416319432,31.511530271496923,1.8330124586638261,3.5098637234338934,30.638863506289933,48448876807889.41,2049
2021-09,20210930,30yr TBA Eligible,0.5839369022289937,0.0008203348769921575,0.009627790549334679,0.9799725095180678,0.976862734925299,31.530207992852105,1.8415124589866803,3.483936902228994,29.992722548893592,49362295161390.3,2023
2021-10,20211030,30yr TBA Eligible,0.3913004054352607,0.0007439361521761206,0.0099027961684965,0.889079714822405,0.8866000847849737,31.551774601170795,1.8513271560894864,3.458800405435261,29.322193959300844,50438435080176.1,2014
2021-11,20211130,30yr TBA Eligible,0.367855134948325,0.0006079876607159794,0.008378242574317444,0.7271504470558687,0.7252493412676677,31.573599083137953,1.861259208305026,3.435355134948326,29.06445214966045,51551327777377.25,2028
2021-12,20211231,30yr TBA Eligible,0.31860554956898346,0.0005732275292387221,0.007510352970082537,0.6857084809127834,0.6842277064617062,31.626211092770482,1.885202284141652,3.4166055495689838,28.92666794830973,54336162255853.53,2081
2022-01,20220131,30yr TBA Eligible,-0.04494017363196434,0.00040773925453733246,0.006073702195761157,0.4881913368175228,0.48738771004811876,31.600778948754733,1.8736284294816585,3.400059826368036,28.582586628201216,52971701279097.734,1938
2022-02,20220228,30yr TBA Eligible,-0.3724048777002671,0.00039862270343767785,0.00477415340093971,0.4772998959879926,0.4763847270703965,31.540496863890443,1.8461947971308568,3.390095122299733,28.571082534426647,49872799202056.266,1870
2022-03,20220331,30yr TBA Eligible,-0.7885459423171532,0.00039538556108145283,0.005009996123457297,0.47343225562362923,0.4726993276613661,31.673029567742987,1.9065087939034224,3.3834540576828465,28.68783304539225,56940590468841.89,2138
2022-04,20220430,30yr TBA Eligible,-1.6013438991000561,0.0003269069997811426,0.004601721015148884,0.3915838377324343,0.3912059984860818,31.6443697651447,1.893466071683413,3.381156100899943,28.717444424728658,55331847627145.49,2022
2022-05,20220531,30yr TBA Eligible,-1.841968464139601,0.0002644682959323052,0.0037324596985374536,0.3169007348639674,0.31670667472783254,31.65437296624233,1.8980184049655378,3.3880315358603976,28.804027892970396,55888120843918.86,2027
2022-06,20220630,30yr TBA Eligible,-2.119520129148302,0.00026604185130067395,0.003330224955468816,0.3187834990126315,0.3185843237652699,31.661340873760345,1.9011894136248089,3.4024798708516992,29.281489607989393,56278903990629.22,2042
2022-07,20220730,30yr TBA Eligible,-1.9919043447643459,0.00022116738745216316,0.00317494275533754,0.2650782637415139,0.26494723482474525,31.667015624114406,1.903771922428981,3.420595655235653,29.653903603038664,56599180606412.56,2026
2022-08,20220831,30yr TBA Eligible,-1.7727233394838962,0.00019835762847993582,0.0026561194758818758,0.23776964385708865,0.23768552153644237,31.715509844124888,1.9258410430624404,3.449776660516104,30.082314260518082,59411554532219.27,2101
2022-09,20220930,30yr TBA Eligible,-2.626540929342201,0.00018581253934042108,0.0023570265807589656,0.22274731471028097,0.22267888611504238,31.64955208115089,1.8958244796973296,3.4854590706577993,30.396021155406952,55619339039013.234,1951
2022-10,20221031,30yr TBA Eligible,-3.3942705204221464,0.000149496564907324,0.0020574987252650638,0.1792484464977595,0.17920675889117965,31.707705170808108,1.9222892326220304,3.505729479577853,30.732100910568033,58949671525393.97,2021
2022-11,20221130,30yr TBA Eligible,-3.275797553758345,0.00012076296988920587,0.0016050037474014817,0.14481935021590786,0.14479248790004606,31.69167319148143,1.9149932768219977,3.529202446241656,31.302263454934355,58012127037999.44,1939
2022-12,20221231,30yr TBA Eligible,-2.8165832808502316,0.00011672201114104224,0.0015398273293006483,0.13997652976088792,0.1399471596468361,31.689920388747723,1.9141955979446281,3.547416719149769,31.834015460069146,57910532286928.46,1965
2023-01,20230131,30yr TBA Eligible,-2.6922434452457056,8.222091063523605e-05,0.0012015961760231417,0.09862048715267857,0.09860823568855337,31.7011697061987,1.9193150233898888,3.5802565547542944,32.3897543206263,58565664233255.85,1970
2023-02,20230228,30yr TBA Eligible,-2.6451912071882138,8.486837958309487e-05,0.0011002157432706099,0.10179453150901407,0.10176085559688089,31.78940951010884,1.9594718684065668,3.6123087928117856,33.32978848692776,63968347722183.87,2423
2023-03,20230302,30yr TBA Eligible,-2.929828424201336,0.00021528516015583012,0.002454917848767427,0.25803651677482886,0.2579558856505368,29.15071619973988,0.7586351301592659,3.6141715757986645,33.37922364219482,4570831262188.08,174
