Type_of_Security,spread,model_name,curve_family,slice_name,predicted_cpr_mean,predicted_cpr_p25,predicted_cpr_p75,n_obs
15yr TBA Eligible,-3.452,M1,overall,all,0.11839251052694451,0.08155921078427664,0.15116066578108045,46150
15yr TBA Eligible,-3.378044303797468,M1,overall,all,0.118462130107362,0.08460538613690449,0.14910950411425317,46150
15yr TBA Eligible,-3.3040886075949367,M1,overall,all,0.11885494396112123,0.08783284540964109,0.14764558306058495,46150
15yr TBA Eligible,-3.230132911392405,M1,overall,all,0.1195400786762414,0.09079876699995548,0.14679217033548575,46150
15yr TBA Eligible,-3.1561772151898735,M1,overall,all,0.12049253971128666,0.09377854250066653,0.1463267497427756,46150
15yr TBA Eligible,-3.0822215189873416,M1,overall,all,0.12169236138639902,0.09658072474880708,0.14652064865624537,46150
15yr TBA Eligible,-3.0082658227848103,M1,overall,all,0.12312391888827669,0.09936274279495061,0.14712825217851888,46150
15yr TBA Eligible,-2.9343101265822784,M1,overall,all,0.1247753662610598,0.10196586246071782,0.14802176834565195,46150
15yr TBA Eligible,-2.860354430379747,M1,overall,all,0.12663817258983284,0.10455773479259856,0.1492551436932943,46150
15yr TBA Eligible,-2.786398734177215,M1,overall,all,0.12870673483335857,0.10719148345353924,0.1507759811675613,46150
15yr TBA Eligible,-2.7124430379746833,M1,overall,all,0.1309780505192046,0.10986994503076053,0.1528312479217031,46150
15yr TBA Eligible,-2.638487341772152,M1,overall,all,0.13345143714064273,0.11250668307234424,0.15508902648999623,46150
15yr TBA Eligible,-2.56453164556962,M1,overall,all,0.13612828786214615,0.11504401364063055,0.15798848311698865,46150
15yr TBA Eligible,-2.4905759493670887,M1,overall,all,0.139011855253486,0.11763671802449416,0.16114064911401105,46150
15yr TBA Eligible,-2.416620253164557,M1,overall,all,0.14210705638757645,0.12026867520275042,0.16470983901103464,46150
15yr TBA Eligible,-2.342664556962025,M1,overall,all,0.14542029387545924,0.12295614801238752,0.16870617311910419,46150
15yr TBA Eligible,-2.2687088607594936,M1,overall,all,0.14895928836836025,0.1257081586569675,0.17305736934857263,46150
15yr TBA Eligible,-2.1947531645569622,M1,overall,all,0.15273291880828488,0.1284677052325489,0.1779012236203803,46150
15yr TBA Eligible,-2.1207974683544304,M1,overall,all,0.1567510673176894,0.13125299596197237,0.1831032029568802,46150
15yr TBA Eligible,-2.0468417721518986,M1,overall,all,0.16102446613832186,0.13405148203430306,0.1886857609761372,46150
15yr TBA Eligible,-1.9728860759493672,M1,overall,all,0.16556454450453734,0.1369678460122148,0.1947239472101292,46150
15yr TBA Eligible,-1.8989303797468353,M1,overall,all,0.17038327380739188,0.1401359338364494,0.2014794009741805,46150
15yr TBA Eligible,-1.8249746835443037,M1,overall,all,0.175493009908361,0.14330165599437672,0.20828184957084606,46150
15yr TBA Eligible,-1.751018987341772,M1,overall,all,0.18090633202828754,0.14676173109722246,0.21563073594023097,46150
15yr TBA Eligible,-1.6770632911392405,M1,overall,all,0.1866358782979256,0.15006403630488663,0.22340032310721458,46150
15yr TBA Eligible,-1.6031075949367088,M1,overall,all,0.19269417883844048,0.15359640213896686,0.23146562424590789,46150
15yr TBA Eligible,-1.5291518987341772,M1,overall,all,0.19909348816715794,0.15741659445107636,0.23999856578883483,46150
15yr TBA Eligible,-1.4551962025316456,M1,overall,all,0.20584561981662639,0.16117405699088705,0.24934651157249021,46150
15yr TBA Eligible,-1.3812405063291138,M1,overall,all,0.21296178732927262,0.16555223683981657,0.2589154415642225,46150
15yr TBA Eligible,-1.3072848101265824,M1,overall,all,0.22045245725681195,0.16983016826054298,0.2689089289248048,46150
15yr TBA Eligible,-1.2333291139240505,M1,overall,all,0.22832722145715326,0.1746701287726693,0.2794859168122832,46150
15yr TBA Eligible,-1.1593734177215191,M1,overall,all,0.23659469783947037,0.1796172687498765,0.2905177698871775,46150
15yr TBA Eligible,-1.0854177215189873,M1,overall,all,0.2452624707498242,0.18504020412436484,0.3017366705250102,46150
15yr TBA Eligible,-1.0114620253164555,M1,overall,all,0.25433708439693675,0.19082155647093535,0.31391190845893036,46150
15yr TBA Eligible,-0.9375063291139241,M1,overall,all,0.2638241050656743,0.1971661396975577,0.3263180978992697,46150
15yr TBA Eligible,-0.8635506329113922,M1,overall,all,0.2737282703244447,0.20401850223608076,0.3387255203928463,46150
15yr TBA Eligible,-0.7895949367088608,M1,overall,all,0.2840537459712724,0.21140330621568504,0.3516848454074961,46150
15yr TBA Eligible,-0.715639240506329,M1,overall,all,0.29480451405527236,0.21949442222457538,0.36493645049499035,46150
15yr TBA Eligible,-0.6416835443037976,M1,overall,all,0.30598491794216937,0.2284242313497331,0.3784846525960228,46150
15yr TBA Eligible,-0.5677278481012658,M1,overall,all,0.3176003930741496,0.2378841739425125,0.39233708723089844,46150
15yr TBA Eligible,-0.49377215189873436,M1,overall,all,0.3296584148540632,0.2486024949147292,0.4057176347591951,46150
15yr TBA Eligible,-0.4198164556962025,M1,overall,all,0.34216969806543207,0.2600927917242646,0.42001286185068265,46150
15yr TBA Eligible,-0.3458607594936707,M1,overall,all,0.35514968560452115,0.27300872717034297,0.4337426215117679,46150
15yr TBA Eligible,-0.2719050632911393,M1,overall,all,0.3686203683348764,0.2870324297498894,0.44754821650849763,46150
15yr TBA Eligible,-0.19794936708860744,M1,overall,all,0.38261248299884576,0.3024758024714691,0.4613022421040669,46150
15yr TBA Eligible,-0.12399367088607605,M1,overall,all,0.39716814192854916,0.3191668493396138,0.47551841809903017,46150
15yr TBA Eligible,-0.050037974683544206,M1,overall,all,0.41234395759984727,0.33733278392178434,0.4887554170261321,46150
15yr TBA Eligible,0.02391772151898719,M1,overall,all,0.42820963928227584,0.3574457464494696,0.500915965087867,46150
15yr TBA Eligible,0.09787341772151903,M1,overall,all,0.44482906927522664,0.38000312804366,0.5122090802012202,46150
15yr TBA Eligible,0.17182911392405087,M1,overall,all,0.46226255624782947,0.40519635209598226,0.5226214345274705,46150
15yr TBA Eligible,0.24578481012658226,M1,overall,all,0.4805662591105217,0.43185824709768283,0.5323136643711757,46150
15yr TBA Eligible,0.3197405063291141,M1,overall,all,0.49978762760401396,0.46012460198874283,0.5472890446094558,46150
15yr TBA Eligible,0.3936962025316455,M1,overall,all,0.5199604279722707,0.48287930364538934,0.5587732014887825,46150
15yr TBA Eligible,0.46765189873417734,M1,overall,all,0.5410993961072825,0.5073267975337026,0.5736776391865983,46150
15yr TBA Eligible,0.5416075949367087,M1,overall,all,0.5631945970534848,0.527222043264397,0.5945034779003211,46150
15yr TBA Eligible,0.6155632911392406,M1,overall,all,0.5862056179549636,0.5409935810886668,0.62078589515141,46150
15yr TBA Eligible,0.6895189873417724,M1,overall,all,0.6100557811259688,0.5549292121254101,0.6520573156757137,46150
15yr TBA Eligible,0.7634746835443043,M1,overall,all,0.634626633037946,0.5704688326864993,0.6887576686952945,46150
15yr TBA Eligible,0.8374303797468352,M1,overall,all,0.6597530397955094,0.5824094355603493,0.7290593894523356,46150
15yr TBA Eligible,0.911386075949367,M1,overall,all,0.6852192940382574,0.5905112901786413,0.7698176844792348,46150
15yr TBA Eligible,0.9853417721518989,M1,overall,all,0.710756703745909,0.5978523572860772,0.8114398274360335,46150
15yr TBA Eligible,1.0592974683544307,M1,overall,all,0.7360839190910461,0.6038309220353644,0.8527358219435732,46150
15yr TBA Eligible,1.1332531645569617,M1,overall,all,0.7610811955347058,0.6094607102031024,0.8949218098749823,46150
15yr TBA Eligible,1.2072088607594935,M1,overall,all,0.7856875510274721,0.6154340555789672,0.9349478383943177,46150
15yr TBA Eligible,1.2811645569620254,M1,overall,all,0.8098491926484557,0.6215675901961926,0.9753869735337317,46150
15yr TBA Eligible,1.3551202531645572,M1,overall,all,0.8335221446615733,0.6286383741239132,1.0123358325699994,46150
15yr TBA Eligible,1.429075949367089,M1,overall,all,0.8566750882849774,0.6366145471106033,1.049981831430713,46150
15yr TBA Eligible,1.50303164556962,M1,overall,all,0.8792923963596022,0.6447170943458258,1.0877273721869307,46150
15yr TBA Eligible,1.5769873417721518,M1,overall,all,0.9013773710639025,0.6542121111921539,1.1210721353924868,46150
15yr TBA Eligible,1.6509430379746837,M1,overall,all,0.9229557104342032,0.6660367354337948,1.1531238094717122,46150
15yr TBA Eligible,1.7248987341772155,M1,overall,all,0.9440792523723155,0.6798271474687367,1.181074938464488,46150
15yr TBA Eligible,1.7988544303797465,M1,overall,all,0.9648300742359553,0.6950390596249134,1.2067804836812135,46150
15yr TBA Eligible,1.8728101265822783,M1,overall,all,0.9853250636760996,0.7119966664671296,1.2301292397542962,46150
15yr TBA Eligible,1.9467658227848101,M1,overall,all,1.0057211244512854,0.7323569146408748,1.2491315262579183,46150
15yr TBA Eligible,2.020721518987342,M1,overall,all,1.0262212428148856,0.7567627748770567,1.2643494775631203,46150
15yr TBA Eligible,2.094677215189874,M1,overall,all,1.0470817203946725,0.7841885906322177,1.2778685088799147,46150
15yr TBA Eligible,2.1686329113924048,M1,overall,all,1.0686209848373593,0.8158952817165388,1.289533626188133,46150
15yr TBA Eligible,2.2425886075949366,M1,overall,all,1.0912305291659818,0.8528800070752629,1.3002515117909619,46150
15yr TBA Eligible,2.3165443037974685,M1,overall,all,1.115388717959293,0.8958707049131265,1.3091843809913684,46150
15yr TBA Eligible,2.3905000000000003,M1,overall,all,1.1416784518149092,0.9452600069878581,1.3170563707814775,46150
20yr TBA Eligible,-3.230833333333334,M1,overall,all,0.14391206126435602,0.08457636986455297,0.19456730815751166,31747
20yr TBA Eligible,-3.1604809282700423,M1,overall,all,0.13634792266082837,0.08764622299110014,0.17966430357290175,31747
20yr TBA Eligible,-3.0901285232067512,M1,overall,all,0.13035464380524794,0.09075355965266763,0.16732787591063336,31747
20yr TBA Eligible,-3.0197761181434597,M1,overall,all,0.12561936992779962,0.0935248278851386,0.1568716357099431,31747
20yr TBA Eligible,-2.9494237130801686,M1,overall,all,0.12190139377639411,0.09597875439927295,0.1476494824225849,31747
20yr TBA Eligible,-2.879071308016877,M1,overall,all,0.11901423477721469,0.09818256610996112,0.14011993046582072,31747
20yr TBA Eligible,-2.8087189029535855,M1,overall,all,0.11681265396415653,0.10024935880694752,0.13351665487035813,31747
20yr TBA Eligible,-2.7383664978902944,M1,overall,all,0.11518315134855699,0.10163453896103736,0.12750838445300117,31747
20yr TBA Eligible,-2.668014092827003,M1,overall,all,0.11403694332695281,0.10323128811347004,0.12366367548615198,31747
20yr TBA Eligible,-2.5976616877637118,M1,overall,all,0.1133047224995742,0.10585876241170356,0.1217760752659447,31747
20yr TBA Eligible,-2.52730928270042,M1,overall,all,0.11293271015574062,0.10586253751422303,0.12026595035082854,31747
20yr TBA Eligible,-2.456956877637129,M1,overall,all,0.1128796547454068,0.10651290750341436,0.11947073765552485,31747
20yr TBA Eligible,-2.3866044725738376,M1,overall,all,0.11311452895327605,0.10714297243574755,0.11904199514490843,31747
20yr TBA Eligible,-2.316252067510546,M1,overall,all,0.11361474746444436,0.10681040517342977,0.11891663669891805,31747
20yr TBA Eligible,-2.245899662447255,M1,overall,all,0.11436477647332441,0.1069260329078614,0.11977249611427876,31747
20yr TBA Eligible,-2.1755472573839634,M1,overall,all,0.11535504071915081,0.10760118107984162,0.1211000590284006,31747
20yr TBA Eligible,-2.105194852320672,M1,overall,all,0.11658105860380323,0.10855962212668047,0.12244885087370205,31747
20yr TBA Eligible,-2.0348424472573807,M1,overall,all,0.11804275369244797,0.10984393269458659,0.12399334438010223,31747
20yr TBA Eligible,-1.9644900421940894,M1,overall,all,0.1197439036466498,0.11147132093280998,0.12579962681031898,31747
20yr TBA Eligible,-1.8941376371307979,M1,overall,all,0.1216916968127791,0.11338630891150059,0.12777461105552002,31747
20yr TBA Eligible,-1.8237852320675065,M1,overall,all,0.12389637328910752,0.11561092772712778,0.1299593549930811,31747
20yr TBA Eligible,-1.7534328270042152,M1,overall,all,0.126370932038256,0.1183379152594588,0.13220049720509275,31747
20yr TBA Eligible,-1.6830804219409239,M1,overall,all,0.1291308890152907,0.12152268395830834,0.13534884228276756,31747
20yr TBA Eligible,-1.6127280168776326,M1,overall,all,0.13219407372595746,0.12512101714915458,0.13899603234346358,31747
20yr TBA Eligible,-1.5423756118143412,M1,overall,all,0.13558045340094962,0.12826205937608304,0.1433234682503559,31747
20yr TBA Eligible,-1.4720232067510497,M1,overall,all,0.13931197529311967,0.1313146973711654,0.1477097045814002,31747
20yr TBA Eligible,-1.4016708016877584,M1,overall,all,0.14341241865628462,0.13446007076890476,0.15267117933726038,31747
20yr TBA Eligible,-1.331318396624467,M1,overall,all,0.14790724890233115,0.13860164880091785,0.15805755116091724,31747
20yr TBA Eligible,-1.2609659915611757,M1,overall,all,0.15282346739915106,0.1422106957119973,0.16441658476515908,31747
20yr TBA Eligible,-1.1906135864978844,M1,overall,all,0.1581894515019417,0.14451582750332204,0.17092471318986835,31747
20yr TBA Eligible,-1.1202611814345929,M1,overall,all,0.16403478084148665,0.1476340319112146,0.1783072835864985,31747
20yr TBA Eligible,-1.0499087763713018,M1,overall,all,0.1703900477655632,0.15153517442040298,0.18672040613877394,31747
20yr TBA Eligible,-0.9795563713080102,M1,overall,all,0.17728665228939802,0.15594257177711235,0.19680834655576573,31747
20yr TBA Eligible,-0.9092039662447187,M1,overall,all,0.1847565851061596,0.16066619777667102,0.20778810929306113,31747
20yr TBA Eligible,-0.8388515611814276,M1,overall,all,0.1928322062878652,0.1659575760203924,0.21969590107775439,31747
20yr TBA Eligible,-0.768499156118136,M1,overall,all,0.20154603241188795,0.17158257393294907,0.23206752303710498,31747
20yr TBA Eligible,-0.6981467510548449,M1,overall,all,0.2109305511066566,0.1774502694287472,0.2448472246818656,31747
20yr TBA Eligible,-0.6277943459915534,M1,overall,all,0.22101808952643018,0.18400685443488163,0.2586745176450189,31747
20yr TBA Eligible,-0.5574419409282618,M1,overall,all,0.23184077211351575,0.19136485118521618,0.2728511969521952,31747
20yr TBA Eligible,-0.4870895358649707,M1,overall,all,0.24343061322353216,0.19948028502163595,0.2880356114722704,31747
20yr TBA Eligible,-0.4167371308016792,M1,overall,all,0.25581980177705654,0.2084166608977145,0.30393759228081185,31747
20yr TBA Eligible,-0.3463847257383881,M1,overall,all,0.26904124803354124,0.21835324368533193,0.32051672578486956,31747
20yr TBA Eligible,-0.27603232067509653,M1,overall,all,0.2831294768335814,0.22934609355502733,0.337718761970085,31747
20yr TBA Eligible,-0.205679915611805,M1,overall,all,0.2981219672390221,0.24166214937634267,0.35547420726211865,31747
20yr TBA Eligible,-0.13532751054851389,M1,overall,all,0.31406105554579083,0.2552249376016613,0.37369703917859987,31747
20yr TBA Eligible,-0.06497510548522234,M1,overall,all,0.33099653749781865,0.27052899249362383,0.392283606824928,31747
20yr TBA Eligible,0.005377299578068762,M1,overall,all,0.3489891269003996,0.28755140266740753,0.41125224270601723,31747
20yr TBA Eligible,0.07572970464136031,M1,overall,all,0.3681149529783154,0.30671378496431867,0.4303295934494522,31747
20yr TBA Eligible,0.1460821097046514,M1,overall,all,0.388471309809887,0.3287016613565008,0.44917556383450297,31747
20yr TBA Eligible,0.21643451476794295,M1,overall,all,0.4101839111670931,0.3528390674782056,0.4675400240745753,31747
20yr TBA Eligible,0.2867869198312345,M1,overall,all,0.4334159577848965,0.37919408926115894,0.48390325199132445,31747
20yr TBA Eligible,0.3571393248945256,M1,overall,all,0.45837578628908643,0.4092744536911219,0.5005265400434777,31747
20yr TBA Eligible,0.42749172995781715,M1,overall,all,0.48528850521088907,0.44573191914325516,0.5238855635894657,31747
20yr TBA Eligible,0.49784413502110825,M1,overall,all,0.5143813290636676,0.4828473965146185,0.5486919390276124,31747
20yr TBA Eligible,0.5681965400843998,M1,overall,all,0.5458820716964323,0.5167858756591315,0.5765061775185987,31747
20yr TBA Eligible,0.6385489451476913,M1,overall,all,0.5800052827575087,0.5411634110645047,0.6083032383419895,31747
20yr TBA Eligible,0.7089013502109824,M1,overall,all,0.6169358872748635,0.5692448145596218,0.6524158171261063,31747
20yr TBA Eligible,0.779253755274274,M1,overall,all,0.6568104165758711,0.5915878058587398,0.7113705757946898,31747
20yr TBA Eligible,0.8496061603375651,M1,overall,all,0.6996959944127789,0.6116553146068182,0.7772149271433659,31747
20yr TBA Eligible,0.9199585654008571,M1,overall,all,0.7455675529281923,0.6300258297294858,0.8487118113957748,31747
20yr TBA Eligible,0.9903109704641482,M1,overall,all,0.7942841742636888,0.6473524208027603,0.9266766842058849,31747
20yr TBA Eligible,1.0606633755274393,M1,overall,all,0.8455659720713975,0.6639463457924433,1.0135916404110046,31747
20yr TBA Eligible,1.1310157805907304,M1,overall,all,0.8989735070754797,0.682108759720701,1.0998310263037658,31747
20yr TBA Eligible,1.2013681856540224,M1,overall,all,0.9538923092147089,0.7006221642092414,1.1917364378680073,31747
20yr TBA Eligible,1.2717205907173135,M1,overall,all,1.0095310377773037,0.7212389960408239,1.2822192721085313,31747
20yr TBA Eligible,1.3420729957806046,M1,overall,all,1.0650071032989574,0.7403112414111179,1.3706255400902756,31747
20yr TBA Eligible,1.4124254008438966,M1,overall,all,1.119389631218944,0.7630835689525384,1.4537465422263696,31747
20yr TBA Eligible,1.4827778059071877,M1,overall,all,1.1716824872859142,0.7853094453290077,1.5354940752381419,31747
20yr TBA Eligible,1.5531302109704788,M1,overall,all,1.2208435314579236,0.8053101596391277,1.6094505440389595,31747
20yr TBA Eligible,1.6234826160337699,M1,overall,all,1.2658095214267586,0.8257335130855359,1.6785573589329084,31747
20yr TBA Eligible,1.6938350210970619,M1,overall,all,1.3055250947940193,0.8464296627499812,1.7371378129072301,31747
20yr TBA Eligible,1.764187426160353,M1,overall,all,1.338974852323374,0.8660303987001461,1.7837875292409877,31747
20yr TBA Eligible,1.834539831223644,M1,overall,all,1.3652172941948075,0.8840637152284336,1.8176996457997197,31747
20yr TBA Eligible,1.904892236286936,M1,overall,all,1.3834191335178034,0.9000343572746039,1.8377166897191044,31747
20yr TBA Eligible,1.9752446413502271,M1,overall,all,1.3928883475362306,0.9137905911631883,1.8412035756692924,31747
20yr TBA Eligible,2.0455970464135182,M1,overall,all,1.393104245733375,0.9256118675403657,1.8300911441375134,31747
20yr TBA Eligible,2.1159494514768102,M1,overall,all,1.3837428505102567,0.9335343723127054,1.807482424444462,31747
20yr TBA Eligible,2.1863018565401013,M1,overall,all,1.3646960102472754,0.9348353125399833,1.7687089818391233,31747
20yr TBA Eligible,2.2566542616033924,M1,overall,all,1.336082899786988,0.9311851116626135,1.7164143808312549,31747
20yr TBA Eligible,2.327006666666685,M1,overall,all,1.298252905168147,0.9260552384657339,1.6500485465605896,31747
30yr TBA Eligible,-3.3229999999999995,M1,overall,all,0.15688333819440897,0.10609556926997055,0.19470235884332387,91891
30yr TBA Eligible,-3.2278797468354425,M1,overall,all,0.15310689557733395,0.10944315850317521,0.18644782690274697,91891
30yr TBA Eligible,-3.1327594936708856,M1,overall,all,0.15039829896077223,0.11292536746098092,0.1796677305816452,91891
30yr TBA Eligible,-3.0376392405063286,M1,overall,all,0.14859856540241104,0.1168605393972455,0.1742613078159816,91891
30yr TBA Eligible,-2.9425189873417716,M1,overall,all,0.14758439857865824,0.12051219216883124,0.17018141819401533,91891
30yr TBA Eligible,-2.8473987341772147,M1,overall,all,0.14726044381775458,0.12434295390308936,0.1672208271862763,91891
30yr TBA Eligible,-2.7522784810126577,M1,overall,all,0.14755350468540304,0.12801490383056446,0.16510624300090093,91891
30yr TBA Eligible,-2.6571582278481007,M1,overall,all,0.14840819203710223,0.131734140845563,0.16407779716915982,91891
30yr TBA Eligible,-2.5620379746835438,M1,overall,all,0.14978362837910406,0.13463931308225208,0.16482493275057353,91891
30yr TBA Eligible,-2.466917721518987,M1,overall,all,0.15165093644177038,0.13797529399778297,0.1661856405176798,91891
30yr TBA Eligible,-2.37179746835443,M1,overall,all,0.15399131551192505,0.14224216437818127,0.16719593800528232,91891
30yr TBA Eligible,-2.2766772151898733,M1,overall,all,0.15679456201468286,0.14651762832739168,0.1695035034426251,91891
30yr TBA Eligible,-2.181556962025316,M1,overall,all,0.1600579286769274,0.1505035237153396,0.17245159575430824,91891
30yr TBA Eligible,-2.0864367088607594,M1,overall,all,0.16378524386225005,0.1537032007184025,0.1766249345755977,91891
30yr TBA Eligible,-1.9913164556962022,M1,overall,all,0.1679862324656703,0.1569296783527907,0.18037066035928584,91891
30yr TBA Eligible,-1.8961962025316452,M1,overall,all,0.17267599428133812,0.1606473752380766,0.18521900631409682,91891
30yr TBA Eligible,-1.8010759493670883,M1,overall,all,0.1778746065567045,0.1651432920692808,0.19102443981012796,91891
30yr TBA Eligible,-1.7059556962025313,M1,overall,all,0.1836068256384187,0.17023709014331034,0.19747766032613967,91891
30yr TBA Eligible,-1.6108354430379743,M1,overall,all,0.1899018690207678,0.1761493301049577,0.20439387807158482,91891
30yr TBA Eligible,-1.5157151898734174,M1,overall,all,0.1967932643496535,0.18254773314855255,0.21181918668078392,91891
30yr TBA Eligible,-1.4205949367088604,M1,overall,all,0.20431875650433573,0.18946397053893893,0.21981061005272862,91891
30yr TBA Eligible,-1.3254746835443034,M1,overall,all,0.21252026817860922,0.1971835886749318,0.22839337981894747,91891
30yr TBA Eligible,-1.2303544303797467,M1,overall,all,0.22144391376167016,0.2056139747628749,0.23775291387190256,91891
30yr TBA Eligible,-1.1352341772151897,M1,overall,all,0.23114007109420034,0.2148322631528976,0.2480565574486393,91891
30yr TBA Eligible,-1.0401139240506327,M1,overall,all,0.2416635211487796,0.22491404202384935,0.2591908237049356,91891
30yr TBA Eligible,-0.9449936708860758,M1,overall,all,0.2530736721534322,0.23580951822643748,0.27116318701388975,91891
30yr TBA Eligible,-0.8498734177215188,M1,overall,all,0.265434892443635,0.24751677439951436,0.28457067311138395,91891
30yr TBA Eligible,-0.7547531645569618,M1,overall,all,0.278816985702619,0.26003852256160087,0.2990009177606834,91891
30yr TBA Eligible,-0.6596329113924049,M1,overall,all,0.2932958535593339,0.27348694171805965,0.31441396627768237,91891
30yr TBA Eligible,-0.5645126582278479,M1,overall,all,0.30895440411027286,0.2877182604745565,0.33126786065548197,91891
30yr TBA Eligible,-0.46939240506329094,M1,overall,all,0.32588378120756056,0.30285989237677224,0.34973112889794544,91891
30yr TBA Eligible,-0.374272151898734,M1,overall,all,0.3441850087668068,0.3191161968742029,0.3702187562510506,91891
30yr TBA Eligible,-0.279151898734177,M1,overall,all,0.3639711674532732,0.33772256963872094,0.39183777681222054,91891
30yr TBA Eligible,-0.18403164556962004,M1,overall,all,0.38537024862714336,0.3564112901303207,0.413594604237022,91891
30yr TBA Eligible,-0.08891139240506307,M1,overall,all,0.40852886334810007,0.3741321040372725,0.4400471619569246,91891
30yr TBA Eligible,0.006208860759493895,M1,overall,all,0.4336170239257718,0.39328454998794893,0.4696870784671736,91891
30yr TBA Eligible,0.10132911392405086,M1,overall,all,0.4608342639022944,0.41417111992826383,0.5006648993849172,91891
30yr TBA Eligible,0.19644936708860783,M1,overall,all,0.49041742224452783,0.4351116603636962,0.5364731130911959,91891
30yr TBA Eligible,0.2915696202531648,M1,overall,all,0.5226504928583223,0.4596050780831251,0.5746888799832428,91891
30yr TBA Eligible,0.38668987341772176,M1,overall,all,0.5578770154252725,0.4825963049401083,0.6200081156901849,91891
30yr TBA Eligible,0.48181012658227873,M1,overall,all,0.5964323845637539,0.5041451507489803,0.6707250061949832,91891
30yr TBA Eligible,0.5769303797468357,M1,overall,all,0.6384124886064867,0.5271339848213596,0.7295366625724942,91891
30yr TBA Eligible,0.6720506329113927,M1,overall,all,0.6837869929507235,0.5492151491605757,0.7946610307942525,91891
30yr TBA Eligible,0.7671708860759496,M1,overall,all,0.7324093365596253,0.5715363318275712,0.8643915723816509,91891
30yr TBA Eligible,0.8622911392405062,M1,overall,all,0.7839781839051635,0.5927342230271582,0.9410290647128283,91891
30yr TBA Eligible,0.9574113924050636,M1,overall,all,0.8379975192763104,0.6121445662739089,1.0227611071299103,91891
30yr TBA Eligible,1.05253164556962,M1,overall,all,0.8937386121925887,0.629948828031679,1.1094871143173202,91891
30yr TBA Eligible,1.1476518987341775,M1,overall,all,0.9502083894267344,0.646138309708455,1.2001775774509116,91891
30yr TBA Eligible,1.242772151898734,M1,overall,all,1.0061299719923993,0.6616898946241845,1.2879854552486858,91891
30yr TBA Eligible,1.3378924050632914,M1,overall,all,1.0599420040724297,0.6755916161375164,1.3747176664486882,91891
30yr TBA Eligible,1.433012658227848,M1,overall,all,1.1098235769059248,0.6872246237532686,1.4561424749166219,91891
30yr TBA Eligible,1.5281329113924054,M1,overall,all,1.1537506756791869,0.6965878373696555,1.5280721618679216,91891
30yr TBA Eligible,1.623253164556962,M1,overall,all,1.1895878515957083,0.7040364799039245,1.5851561580357831,91891
30yr TBA Eligible,1.7183734177215193,M1,overall,all,1.215215174000122,0.7090858850322013,1.6294581529358254,91891
30yr TBA Eligible,1.8134936708860758,M1,overall,all,1.2291430895169604,0.7112043078266295,1.652034894238208,91891
30yr TBA Eligible,1.9086139240506332,M1,overall,all,1.2317817318687667,0.7115103357622665,1.6559697275580043,91891
30yr TBA Eligible,2.0037341772151898,M1,overall,all,1.2242657040104512,0.709952933032354,1.6448481008620952,91891
30yr TBA Eligible,2.098854430379747,M1,overall,all,1.2080188789084332,0.7069957163588825,1.6180552596761988,91891
30yr TBA Eligible,2.1939746835443037,M1,overall,all,1.184633179778397,0.7019367697081114,1.5778432318266478,91891
30yr TBA Eligible,2.289094936708861,M1,overall,all,1.1557589316609103,0.695527473515678,1.5313033720981584,91891
30yr TBA Eligible,2.3842151898734176,M1,overall,all,1.1230141028851366,0.6885202753681763,1.4785888962876692,91891
30yr TBA Eligible,2.479335443037975,M1,overall,all,1.0879161055990718,0.680529543480568,1.420220556177254,91891
30yr TBA Eligible,2.5744556962025316,M1,overall,all,1.0518367286049652,0.6721713363397219,1.3631833821229344,91891
30yr TBA Eligible,2.669575949367089,M1,overall,all,1.0159784899802335,0.6635332666254268,1.303964231510757,91891
30yr TBA Eligible,2.7646962025316455,M1,overall,all,0.9813692858833436,0.6545920438184916,1.2490037315238345,91891
30yr TBA Eligible,2.859816455696202,M1,overall,all,0.9488716003690382,0.6463291195700216,1.1977055841209228,91891
30yr TBA Eligible,2.9549367088607594,M1,overall,all,0.9192025731767245,0.6383167232788756,1.1501957605383306,91891
30yr TBA Eligible,3.050056962025316,M1,overall,all,0.8929617152785435,0.6315633436865253,1.106859730494314,91891
30yr TBA Eligible,3.1451772151898734,M1,overall,all,0.8706638460545136,0.6253338666204589,1.0724993589463327,91891
30yr TBA Eligible,3.24029746835443,M1,overall,all,0.8527757719170368,0.6201107750526624,1.0434706142651684,91891
30yr TBA Eligible,3.3354177215189873,M1,overall,all,0.8397562587276255,0.6163828853835374,1.0225057902051637,91891
30yr TBA Eligible,3.430537974683544,M1,overall,all,0.8320999542948962,0.6139339796814469,1.010666261641624,91891
30yr TBA Eligible,3.5256582278481012,M1,overall,all,0.8303871414805734,0.6129596423199435,1.008452165865481,91891
30yr TBA Eligible,3.6207784810126578,M1,overall,all,0.8353426677140156,0.61385910645676,1.0170090372726759,91891
30yr TBA Eligible,3.715898734177215,M1,overall,all,0.8479093147177459,0.616482497731885,1.037644359895834,91891
30yr TBA Eligible,3.8110189873417717,M1,overall,all,0.8693435851835137,0.6213699298541764,1.0728194566984373,91891
30yr TBA Eligible,3.906139240506329,M1,overall,all,0.9013459378250105,0.6287804076885561,1.1252062105559069,91891
30yr TBA Eligible,4.001259493670886,M1,overall,all,0.9462437818805748,0.6396786427696366,1.1975711653613663,91891
30yr TBA Eligible,4.096379746835443,M1,overall,all,1.0072554952900705,0.6544362573706719,1.296121448048937,91891
30yr TBA Eligible,4.1915,M1,overall,all,1.0888797639946286,0.6717790183611627,1.4307199844627472,91891
